patientId,PredictionString
0000a175-0e68-4ca4-b1af-167204a7e0bc,
0005d3cc-3c3f-40b9-93c3-46231c3eb813,
000686d7-f4fc-448d-97a0-44fa9c5d3aa6,
000e3a7d-c0ca-4349-bb26-5af2d8993c3d,
00100a24-854d-423d-a092-edcf6179e061,0.402052 228.65 643.59 170.59 134.41
0015597f-2d69-4bc7-b642-5b5e01534676,
001b0c51-c7b3-45c1-9c17-fa7594cab96e,
0022bb50-bf6c-4185-843e-403a9cc1ea80,
00271e8e-aea8-4f0a-8a34-3025831f1079,
0028450f-5b8e-4695-9416-8340b6f686b0,
002bcde0-d8da-4931-ab04-5d724e30261b,0.542673 622.99 507.52 246.24 356.75 0.487634 130.83 408.88 178.39 143.14 0.420849 123.78 366.76 278.26 482.37
002fcb77-ef76-4626-ab34-5070f15c20db,
003206b4-bd4a-4684-8d49-76f4cb713a30,
00330f7f-d114-4eb2-9c6e-558eeb3084a1,0.538832 484.77 294.34 252.19 496.21 0.494348 152.80 241.25 247.27 511.29
00342ae8-ff81-4229-adf6-6a2ab711707b,
003d17f0-bd8a-485c-bc8b-daec33f53efa,
003dba79-1b1d-4713-add8-d72c54074f8a,
003ec9e3-512e-4f6e-923d-daa9f9f3db9a,
003fbda2-ba55-4714-a03a-83f15bec19e4,0.520732 236.91 238.05 265.15 579.04 0.506388 617.63 216.58 256.74 501.83
0041fc67-793c-4129-a952-ea3fb821b445,
00475531-1036-4ab4-8c12-1eac7e9ddfd1,
0048e89e-f88a-41a1-b79f-ab4e7135627e,0.529060 161.87 441.09 263.40 218.47
004b28ac-d188-427b-8a21-10501125f596,
004f0a0f-fb54-4068-8b67-d3eef6724f44,
004f720d-482c-4982-b866-1a327e51eaba,
0050f8bb-36a4-4a1a-8de5-2d73154c2571,
0051fc13-694d-43d4-bbca-5a185f90418f,
00525b72-7c03-4328-9c02-6393704810d8,0.437191 236.54 733.61 253.07 210.34 0.428063 618.57 395.10 284.57 526.03
006081fc-cd84-4675-828a-784d2521fcc7,0.434966 243.47 621.08 130.63 185.81
00632296-ea6d-438e-982d-370b771a6059,0.476107 582.38 215.89 275.28 575.78 0.467054 118.12 138.21 296.08 581.52
0066ba32-08b6-4ac9-8d5a-abec69825d53,0.435203 548.91 296.94 239.42 308.28
00679577-c370-4aff-ab2b-fc4846c3eabb,
0068492c-2cc4-46b3-9ac5-ccb80fc10c96,
006be30e-1295-4053-9ffc-fab6b527e7d9,0.422314 235.53 267.71 209.10 378.67
00722cea-8cb4-488c-91a1-402d3cfab7a3,0.404526 669.89 547.80 184.59 154.93
00748fc6-3e87-482a-a0b4-ca2b0a7686a3,
00763ba7-af28-4893-a403-08490fcdd69c,
0076e39f-5189-4751-8274-da6df4d5e429,
0076e68b-90cf-45da-a839-e67d3131182b,
00786b27-31a0-4aeb-8513-9528fffe7b87,0.565537 525.61 299.41 211.63 356.36 0.525130 203.64 361.26 184.31 296.17
007d9048-a1f4-49ea-8fb1-f228dc4b6cda,0.406032 222.87 175.27 244.64 542.29
007f06ce-348d-421c-968b-8b35ccb3487c,
008102ab-5ea6-414d-bff1-9f55d148a80d,
00860e86-5b18-4694-a20a-0b47e842a453,0.535071 613.05 408.36 265.91 311.60 0.524993 58.83 502.70 264.59 231.53
0086a7a6-c663-401a-a908-378e87ebe45a,
008ca187-f164-4a2b-b14e-29d4e16e3a66,
008efe9c-946b-4f43-ae07-942f8d73dcc1,
0092f442-ccb5-49a2-81cf-b6ca3f829a53,
0094bcae-2cdd-48ca-9630-7d4157f78415,
0094c2b8-5da2-4e25-a177-b4eea16bd671,
00991acc-85b3-41c7-a397-bdf925c3697a,0.633315 246.67 169.48 244.20 548.68 0.614915 595.58 191.54 249.28 539.95
009ac78b-6b5c-45ef-b73b-855116887af4,
009c7a22-8272-4acd-a1ee-03de8d420b11,
00a221ac-da8f-4f61-8d4f-fc195143491d,
00ad18b7-06ee-4c4d-abca-14bdf814e8b2,0.547854 201.25 388.83 233.61 289.46
00af3668-1970-4f65-a292-525d2c5aed5c,
00b4ac1b-fa09-4dbe-b93f-7d9e52992a68,
00b4e593-fcf8-488c-ae55-751034e26f16,0.455514 563.19 502.80 252.43 286.14
00b9585a-9825-4892-8829-ddd75218bd1a,
00c0f4e4-ac8b-4dea-8231-802f6b9860dc,0.482427 634.14 298.40 264.54 520.50 0.406684 231.50 314.95 259.47 517.54
00c67fbc-35f6-4058-88b4-4bfad19014ec,0.578851 603.71 429.95 267.68 226.90
00ca48ec-39b3-4650-80ed-1fab342aba0e,
00d61d6f-d150-46e1-bab7-0a7a36a0cc80,
00dddf53-486f-4098-9a5e-b7d0b8ee2b8f,
00dec011-0053-493a-9c51-3fc3524b3357,
00e42241-12a0-490a-b856-db3e4ab41104,
00edcd2d-d727-486d-b15a-675855e4dca3,
00f376d8-24a0-45b4-a2fa-fef47e2f9f9e,
00f3a73b-1801-43f7-992d-38338ec58a90,
00fde673-62b3-4a5c-9b9a-6c1ec8f66910,
00fe1990-071e-4f90-b8c5-08fc94ff40e3,0.623399 293.77 106.54 243.88 524.84 0.599191 636.20 178.96 232.22 519.84
010355fd-a8c0-4503-993e-16412a3b8136,0.420561 202.49 636.25 185.45 139.07
01036427-2c3e-4a79-b472-2c7bca1efa86,0.560393 715.55 258.98 215.34 357.27 0.551306 326.69 259.04 205.92 378.04
0105b36d-2d7c-4431-9b5b-fa6acb31ee1d,
0106724a-2379-4897-8504-dfaa6db072de,
0107394f-5672-4969-8a15-279714669f63,
010763a7-7394-49da-8fe2-6588a805062a,0.433142 572.03 434.52 216.01 324.27
0107871b-1095-4cd5-a197-bc7715873cbf,
0107acc8-bddd-4889-a18a-c54449c6844a,
010be344-5412-4cc8-afab-fb07f29e3356,
010d5095-acc6-4210-8753-eea1b0734a76,
010f1670-a3f9-4186-b54f-720e3a78b9fd,
0110317f-73a0-43db-aace-49f4aabd781f,
0110a566-f774-4554-bdda-a1883ebd2f5c,0.538036 581.38 297.09 197.36 351.10 0.506097 314.93 223.19 182.37 390.18
01119341-8004-44c4-9537-0e47c4b67689,
01137316-5474-4e6e-ad95-46e50916da83,
0114657d-6647-492a-9494-110ba43e4135,0.406900 575.73 449.48 240.62 247.88
011775bb-cb07-4a6e-ab91-d40c4dbd5c56,
0118519d-7a19-4ad2-b5a5-5265cb86cb2a,
011949a0-b52b-424d-b78f-afc3926ef2de,
011b475b-4b74-4857-8221-d15d71ba64a9,
011d6083-abaa-4b28-8a53-36aa0cddb3b5,0.577266 258.62 463.93 210.38 340.23 0.450209 650.42 322.88 225.80 296.86 0.407983 274.23 563.53 168.54 205.58
011df306-5ca7-442e-bd54-f05820d84396,0.483685 205.06 443.06 177.65 116.68
01200366-f4e5-46c2-8b1d-1d27075231ce,
0123ddde-aa60-4364-a3c5-2aed75bba3dd,
012469b7-1b4b-4407-8c1b-7236861d49a3,
0124f347-a386-462e-ac00-4b3ddb2ed159,
012d2cf2-f973-4bf1-934f-295df6e44b60,
012e4288-deac-438d-af9e-a3cb7478ed7f,
012f2ccc-8ac8-4cc0-9da1-a282db470d12,
0133a3a9-350d-4501-a59f-6a7e74fbc1c8,
0133cd26-6796-48d3-a092-adae7ce07d61,0.517406 80.07 239.05 230.42 352.16 0.445464 484.50 192.74 249.47 579.64
013c572e-c377-431e-a4b8-34f22f2f8a30,0.501781 560.27 323.38 252.52 515.77 0.492386 173.89 265.19 265.13 553.15 0.443963 181.94 547.11 215.96 253.68
0140cefe-d9c1-4de5-a59b-1aad98e4b62a,0.440810 629.19 615.03 247.07 266.29
0143f05b-f5f5-4147-a9e3-7f525e45a2ce,0.493339 194.67 562.07 260.37 256.62
014647d1-a977-4bfe-9f35-869b168ea0fb,
0146516d-b739-4103-8cc6-bb2b494e1d5b,
01478a83-71ad-4319-83b8-d0093bd22dfb,0.457399 120.38 493.57 196.57 309.76 0.442529 520.20 464.30 230.44 205.65
0147a753-be33-4c13-8cd7-9cee88fffcf6,
014a7eee-8245-479b-87a9-a9402c66502b,0.532699 226.42 258.88 194.89 320.91 0.433239 597.94 426.68 237.50 324.38
014ae099-4762-46d3-a3b9-7fd25e3337c0,
014f2256-b71e-4168-84f7-bac69852057e,
01512575-81f5-4de3-9645-1bf3050dced8,
01528f70-440c-41fc-8673-e3ae6464380b,
01594bc6-16eb-4214-b2b2-4cf2154dbab9,0.523665 161.60 647.33 232.57 288.49 0.502901 145.90 332.66 277.75 619.09 0.455904 599.95 420.60 247.79 571.08
015a202d-5e18-4dcf-802c-0f7e75e14a38,0.596542 171.53 199.48 257.15 291.35 0.596517 607.96 229.84 261.47 570.57 0.513788 141.28 165.42 302.32 522.56 0.454170 131.92 551.14 233.56 207.98
0165543b-85d3-4dd2-9e93-6c5ab10f13da,
01671e79-a1a5-46a8-bbe5-dd8e514f7923,0.580682 598.39 253.79 299.28 722.91 0.545103 163.49 238.13 299.00 674.31
016d6d63-e32a-4df0-ad43-e42f808ab480,
016fe150-be99-4c53-96a3-ee0eeec4a62a,
01708093-89aa-40aa-a121-4c8011fd0016,
0175314a-05e7-4ada-9f27-7b874f29842a,
01767b2b-8915-47ee-9bb8-3511492f7df5,
01789dfc-da09-4460-8326-32c143e767be,
017a4e3a-191b-4013-a228-dabb749a3d70,0.440112 594.53 479.68 225.06 330.39
017cebf7-65c6-4508-bf78-14eb93001ab7,
0181dc21-34be-4d57-87d9-74d91afc2458,
01833e4e-6d0a-4ea5-bc98-638a70a66e50,
018b01e1-7582-4141-949d-0c53d8f6806e,0.501968 681.73 467.40 199.57 299.67
018cb7c3-0ec3-484d-a6a3-bd7c376605d1,0.469454 730.44 432.94 255.57 292.32 0.462954 358.47 270.69 255.70 539.46
01960630-c20f-412b-b5c6-9ab2e06d64a3,
0196bb90-2e5a-401b-bffb-7fd7258d6844,0.550787 582.50 494.00 231.41 316.71 0.494292 240.58 581.79 180.05 162.81
01972669-8b42-4b47-96ac-e6a085e504ba,0.497041 143.89 569.74 185.60 134.07 0.418030 555.25 563.71 256.23 234.23
0198e5bc-ea34-4e84-b21f-1a3ea96801ab,
019a58b2-6b0c-42d8-948d-b9fcc3d47eb8,
019a638a-305f-422d-aec7-f1081f510046,
019bf13a-7fd5-417a-8959-ba79e9b9f875,
020d940f-e100-4c82-8f44-58174dc28684,
02186c9c-2598-4b9f-9752-b0c9e7c9128c,0.479465 166.55 437.98 208.43 246.80
021ca4f1-52fd-4881-85cf-c57dfa74566b,0.599487 87.52 249.15 292.46 576.75 0.584213 523.96 264.43 273.06 557.67 0.462077 551.69 412.61 216.11 333.77
021d0bd9-560c-43de-80de-5efa191f3251,
021fe6f6-dc70-463a-a2fa-bff41f74af6a,0.542310 285.69 376.20 220.02 402.99 0.493034 662.49 418.33 208.29 394.68
02256e17-eef9-412c-a03c-39e2eb2e6392,
02270587-8e6d-4799-b689-a161db7c5c91,
022a1092-db63-4f8c-a7fe-77019dd4c52e,
022eeb32-8192-44f5-ae9b-1e20ba387890,
02305324-c307-4811-8932-6831366047d1,0.508576 228.03 251.38 237.06 412.11
0232e608-a7af-4af7-a104-32537c1cb26b,
02347c05-a319-41a9-88b4-59ef119221b3,0.409208 633.13 708.00 272.81 259.63
02431455-505f-4ece-bac3-b4f494c65366,0.490674 152.58 176.56 272.63 537.21 0.427704 580.34 266.74 285.32 577.60 0.424667 599.56 553.04 253.30 256.77
02462e7b-800c-4b19-904b-0a1fb80f4fc4,0.461141 237.81 362.70 229.40 364.40
0246ec39-4938-4c8f-bfb6-c750d0313ee4,
02500219-bcb2-462d-8c02-857a53a2f969,
025375ff-f79d-42ab-a443-b0d5671eaffc,0.672720 590.85 164.05 278.98 663.04 0.656961 148.79 207.38 297.37 627.46 0.405483 630.05 364.95 205.80 397.33
0254cbc4-8fb8-4e07-8bc6-430d337e66a7,
0255119f-2fcb-40dd-8e89-5da9a6318e47,0.483287 190.64 435.18 204.85 308.73 0.407862 550.22 474.56 202.65 349.51
025d7915-74a1-4d0e-83b7-d2cfc1e1ac54,
025fd656-c29a-478b-a2f2-cf68a38faee9,0.432403 135.84 165.64 291.04 610.40
02693444-dc0d-4ac0-8cd0-cbaed1844da3,
02697c06-6d28-49ec-a66e-2eeafeb19358,
0270091f-28e0-4bdd-bb52-26e26bdf9f66,0.567064 602.14 129.75 247.49 388.88 0.498678 154.87 171.71 313.25 552.94
02718efb-79db-40cc-9f03-4c0a667f3ee5,
02724047-234e-43ea-8418-62ab74f05668,0.536167 187.15 522.16 215.41 285.86
027301a0-cb61-4431-8736-503d0c23cd48,0.503962 438.79 161.17 183.96 311.53 0.455089 462.57 197.34 147.24 190.84
02780306-5d72-4377-8183-37c3e0e13e55,0.626607 597.96 323.16 269.40 600.39 0.504717 233.48 540.69 198.89 287.82 0.498457 223.89 322.92 250.09 541.97
027a5fac-783a-4dd8-b032-06a8b8d05546,
0280af91-28aa-44ae-b693-c091db206244,
028b7794-c17e-4bef-ba97-3b9523bc1333,
028fad21-f2a0-4778-8ad2-fcee826331d0,
02952fe2-ceab-4e55-b1af-71f40a209a1f,
029760af-1273-42c5-a214-0267fbe016fe,
0298e825-f153-4c95-a244-e24060d28bc2,0.455142 610.69 505.72 206.84 271.22
02a378a0-0229-4f11-9a1c-bf32332645da,
02a54bea-8b9b-4572-9f7b-bccda112e6b8,
02ae356b-c39e-474f-908f-0af600e6b03d,0.552728 227.44 165.49 193.27 387.63
02ae4bbd-7dfa-489d-9bbd-e43e60ff876e,0.584587 125.46 524.43 265.79 274.48 0.428726 658.94 263.93 143.05 176.40
02b42e7e-d0da-43b7-9a54-458264099d08,0.474962 582.77 206.76 230.31 377.02
02b7bd21-0ca3-48b0-b98c-dd85a7ad1c0f,
02b7f2f0-b8e0-41c8-9cfc-83c69d202c67,
02bc74a8-2ea2-4d73-a7b4-d2ae9c1ddfd7,0.537481 146.19 594.96 178.46 151.72
02c19fee-bf32-4969-8ba4-7e996f1f9f3a,
02c3e45e-a066-4f4d-9dfe-c21c30df579b,
02c43b6e-b603-4d06-b579-3287b7eed859,0.418081 159.08 379.00 220.71 380.14
02d0f144-bcc1-4258-bbf7-aa2bb3408ecc,
02d4d116-415d-49cb-91bc-98b97c973ad3,0.572207 543.30 464.12 245.59 364.16 0.544321 107.47 389.76 258.01 527.72 0.433252 121.16 540.62 202.98 330.76
02d6943e-66b0-4d0f-80ef-a468e937b663,
02d8eb87-93ea-4e76-94fe-2fce14a93c6c,0.569443 299.06 256.76 252.70 590.46 0.565001 649.92 287.11 246.73 572.78
02d9c45e-5f0c-4823-90af-51ff9e81ad40,
02eaa8c2-e818-4b39-92d3-aa092553b811,
02ed876f-f335-482d-af13-0d0b8af51774,
02ee9955-1ae1-4c2c-86ca-5c8ff8d56d4c,
02eead22-409f-4d50-ae60-e8996493a111,0.471032 154.76 393.53 257.39 324.20
02eff1f9-5830-4e4f-a68e-822ac02047f7,0.408748 193.03 454.83 183.25 153.68
02f29ed2-889c-4766-8e4e-853d8f71a12c,
02fcdbb1-2ff5-41bb-a28f-a0e5d9a83d51,0.603195 228.61 110.30 248.84 509.88 0.542457 603.88 75.26 243.85 521.11
0300003e-3405-43a3-b5d9-d314d4810fdb,
03055987-3303-429f-8979-cecf701707e5,0.476421 221.23 306.56 175.60 147.94
0305bbcb-4998-4020-9a9f-b32f448e30bf,
030cf802-d118-431e-ba63-43726072a919,
0310b580-0ba0-4b74-9de2-db046feddaec,0.472551 96.14 152.85 250.14 545.36 0.444470 468.99 235.99 236.73 506.65 0.417382 97.76 416.70 212.74 273.27
03161440-f3b4-408e-bcac-c902b47f1166,
0316721f-901b-4828-a1ed-c7ab71a0141d,
03188698-bad7-46f7-94d3-5487b2c67b8a,
03190b26-7d61-4cbc-abcb-bba18884254d,0.509156 582.59 197.42 269.60 511.30 0.506222 574.79 216.02 229.27 299.63
0319220c-e0ec-4262-bafd-c5d650ff5e69,
031b6254-ded2-423a-947a-c4018797c544,
031cc0e4-9e42-4bfe-9d0c-fb3170cfdc2f,
031eb51e-fec5-4b16-9bfd-2c6a49b2f34b,
0320cae5-82c5-460e-96f8-754354697b8e,
03226a3c-7341-479d-8188-ebd0e52593a7,
0322a3ad-3e24-4e6d-8f24-b68e3c61d88f,0.635056 663.04 301.54 147.36 154.71
032463f7-34e0-4bf3-906a-09e5e2956882,0.565340 415.01 449.07 147.06 154.31
032b9367-1ce3-44e8-9b74-8f3e2203e8ec,
032bb477-dc70-491e-94f3-0ee5c8d43fb2,
032d8361-e8b5-4e8a-905a-9fae58f42398,
032f8386-fd1d-4ffd-b12a-263a4ce113ae,
0332bce4-6181-48a5-ac40-b426f50abcc4,0.404015 608.92 594.91 272.34 260.41
0336175b-db12-4592-806a-51a3ce54e5bf,
03367507-9db5-496d-a20f-bc161f097d51,
033af663-f044-43ab-a569-298cc4bf37bc,
0340ffe8-feef-4b08-a1fa-328bb093361c,0.537631 125.21 530.98 229.55 331.03
0343df14-527e-4f73-9a56-3fef4b0104de,
0346fcf4-68e1-4027-b0e7-67b3d53f54b0,
034ac9cb-fdc9-4e20-b39c-f4d9eaf8df91,
034bda9f-cd72-457e-8dfc-e7ca6634fabe,0.619337 141.45 486.43 196.70 327.30 0.571793 462.05 528.21 219.69 273.20 0.431779 155.72 594.13 159.96 198.93
034c963e-7d6e-4350-b2ff-8e534ccf562d,0.411189 641.26 507.92 219.09 289.83 0.404137 271.16 575.79 171.74 142.93
034e373b-aa5d-4464-8528-a280a42bc651,
034e908e-6cef-4ecb-82b3-d9c8a243a60e,
03549d12-0dd8-4a61-ba7c-ecb4afe06200,
0357ec4c-be16-4c0c-a0e9-7fa38df30c84,0.416707 157.60 599.53 181.18 149.10
0358c757-07f5-4114-a1d6-d37b7aa9eb77,
035a2dce-5d55-401c-9038-3fc93f291a97,
035c8891-656e-4422-82a0-a53406dae9ba,
035f53cc-065d-417b-85b4-b4a5a7243758,
0360a37c-7f05-4809-a645-db5c0e790145,
03627000-edeb-4f01-927a-50662d0deab8,
03675081-3f27-4e22-a1dd-6cccd8c4cc92,0.589932 250.87 261.35 228.78 379.68 0.521832 592.88 277.34 262.34 577.14
036a4964-81d7-4d80-8511-5ad2d77f479e,
0371b8f9-9f18-4f4c-9c9c-38867e373437,
03727d3c-2f77-4bd8-ae6f-002b30fda71c,
03772765-8195-404c-8bba-fd6dd5563213,
0377791b-ae5b-4abb-b6ae-ac8582ac6f33,
037876f4-0e2d-45c6-8e98-b1cac93b9066,0.465330 253.09 506.27 257.25 240.46 0.416290 279.50 522.91 198.84 152.18
037baafe-07de-49e7-ae6b-2fac90640f0b,
037d1b26-3dc7-48c2-b93c-214e7538c76d,
037ed56b-77ae-4084-a0d3-26be1d8a46dd,
037eff4a-1840-47bf-92d3-98898b91165d,
037f16ff-46b6-45bf-b737-74072c46fab7,
037ffaa8-d381-41af-b14e-a95b2d4b347a,
03800681-c722-448f-bf8c-635080a95f00,
0382a252-b1b3-477d-bf8f-15da22a7f19c,
03858c3a-5c32-4503-8888-58f2f601c1df,
0385be2c-896e-489d-8b09-bac5694ce5ed,
0385d49e-7642-445a-bffc-28915cee0056,
03866050-4736-47c1-ab69-d084d6561b9e,
0389a598-b5f0-43a5-9a98-7dfdd08e0b9f,
038cd87f-d57f-4db6-9548-879dc697d656,
03900c12-0a25-4a24-a3b6-38992cd7e050,
03a37eda-cff4-4ad9-b5d7-5f9ab9dbbfe3,0.455615 207.93 319.16 206.76 284.07
03a4ba96-d15e-4fb0-bcc5-a2987916786a,0.477507 565.64 249.02 214.73 375.36 0.440806 181.60 385.86 154.87 138.70 0.406000 629.01 272.22 144.80 154.45
03a75f93-bdfb-4e5a-89f3-548b04fdbb5e,
03ae3399-3ca3-4e4e-bf4e-5e5d57dc20e3,
03ae4a8a-0f24-4de4-a791-665db68a2f2c,
03b045bf-4b5e-4530-817d-64c5973a57c4,
03b16b8f-a03c-409c-8740-7e694b7d58e5,
03bbf8a4-f4a1-46a0-a64a-6613d875f80b,
03bc0c5f-af69-4a4a-8f4e-e1301e0f9a4e,0.555908 565.28 275.58 243.99 511.00
03bc2ba2-2617-4c8b-a0fe-81b0a915d066,
03bc6e8d-73df-432c-92be-9f6fe2eb7e34,
03beea3b-3d59-4f8d-a5f8-a02ae3bda6a2,0.414178 556.75 375.42 231.39 211.25
03c86a26-4053-4e4f-8e3e-6229cb4c4881,
03c9f53b-f5f8-4c9f-b69c-0986ab3fec68,0.512188 173.62 585.72 161.10 146.05
03cc6b7a-4eef-46e3-98e0-fe3990325b36,
03d837fb-4528-4e56-bf4e-58fbeae187bb,0.635307 136.57 406.72 226.14 378.11 0.602893 564.74 473.68 216.00 340.32
03dbe705-0a6c-434d-9b6c-93d7f2f76429,
03dfd775-0cb4-4ede-9eba-e01df8a84965,0.612852 292.85 567.49 129.61 161.99 0.464979 268.35 511.93 169.15 252.00
03e146ff-fd62-4188-9ffa-c61b8f89ac8d,0.496395 607.66 623.62 239.87 314.99 0.471604 162.56 397.17 249.12 560.56 0.409156 191.01 765.27 182.33 162.42
03e73ec7-8b85-49d3-9740-d6151fcc32f8,0.590257 313.67 151.50 196.50 339.97 0.431405 326.66 222.00 156.60 212.73
03f24805-e3c3-4943-ba67-a9bcb43a2533,
03f95b1e-3378-4ccc-aa69-fdb7dd4d988a,0.632460 614.25 570.92 261.77 309.97
03f9e13f-1239-4d82-802d-3ea20731e1db,
03f9f71c-8f7f-47c1-b39a-14fbd3d30c98,
03fc4207-b6f6-4c97-8d55-8f624ea91c50,0.614412 258.07 254.50 290.67 581.94 0.607758 696.01 147.75 278.81 633.26
03fcfa7a-8d70-437a-ad1e-7172023cbdeb,
03fe8276-9e0a-4f77-816e-e0991f3b7dfb,
03ff2e8b-e8c6-4a63-a426-f06c9a76d1ac,
04026d9e-895d-4b87-9d73-3d6fb58e53a3,0.517999 548.48 479.67 218.37 277.83 0.431314 594.48 516.49 167.53 180.79
040cfecb-0984-4393-a977-924c75795809,0.579766 170.17 237.87 286.17 624.60 0.527851 592.41 144.71 299.48 542.92 0.489167 630.75 272.07 243.02 323.37 0.436575 204.63 469.19 220.27 342.74
04170f9f-5d56-4ef7-9960-0afe2b50f778,0.631519 220.88 248.86 255.31 550.84 0.560218 564.32 304.13 250.74 482.27
04176263-de7f-471b-9dc1-7a5af4e6d943,
0417f292-9baa-47d3-a4a6-9cab52844cec,
041a2204-51fb-4d23-8204-dd6a7a6f5ee3,0.526418 602.57 346.85 203.08 318.07
041b4ab2-82e4-48a0-a8b1-4993144f212b,
04269ea9-d43c-4f01-a72a-d340fb49ff27,
04273d76-c04b-44e0-b9bf-561e30c837f0,
0428151f-e4fe-436c-bc09-12e3bd84f4df,0.618965 133.88 688.02 170.51 133.98 0.508561 561.64 534.99 247.84 328.71
0428a988-106d-4ce8-a67b-2ee1827a825a,0.617451 117.29 476.11 242.55 258.53
042d37c9-b83f-40f6-8d8e-85022c7f3a14,0.536528 260.16 416.29 168.72 131.99
0431b96a-9e84-4d8b-8e9c-b28c91e10f4a,
043711b3-ff14-463a-b38a-6f8e2d0b1a9a,0.541262 291.02 201.68 152.39 163.10 0.501375 588.90 175.30 228.97 282.75
04384b80-0b9e-4744-85e4-f5184fc073e9,
043d020e-c61b-40ac-8704-be5ed7ded293,
043f1056-2a3c-4301-864c-6b2720350496,0.549183 197.04 474.40 252.59 226.81
04420ae7-2c04-4c42-a0a9-58f12e211a50,0.448240 649.22 312.71 220.53 360.25
0444a749-4fde-46be-8202-bc2ddb71d5d9,
0444d942-dc61-46ed-b4a8-422f15b74087,0.604183 616.61 192.73 185.42 346.05 0.537280 250.04 233.00 216.58 456.64 0.437288 651.22 281.43 148.25 216.35
044702b8-5ad7-493c-ac3b-1fe5292a62b2,
04514c74-98f2-4f73-b39f-869e762dbb6d,0.494066 268.48 499.01 172.30 152.45
0452d6c6-4693-4ade-8b20-46e09c719ada,
04596200-fe71-4b08-8184-431a24a6c8b2,
0459da81-0980-4cc7-82fb-4f50975cb52d,
045d09ff-cc44-4c5f-952f-b83373bb2d93,0.409150 332.18 202.50 144.87 173.99
045e5500-3dcc-4d9b-8dc2-a85c611dd497,0.428977 557.23 318.55 238.69 589.20
045fad52-8652-4827-b725-cb616b4c482c,
045fe561-d85a-4a9e-b0c4-9733f30305c7,
04603933-3d07-4725-9d50-f4ff2302d7df,0.562411 277.80 589.94 212.11 254.08 0.532510 672.60 581.61 206.82 252.62
0460484c-d06c-4156-8690-89124ab751e8,
0460e5b6-4298-419e-a930-d9aab8c4f271,
04627a72-3f26-4b2e-864a-01da3abc0cee,0.620958 567.52 171.11 250.74 540.10 0.607580 220.54 206.28 229.99 392.66
04644a8f-bd70-484a-a4db-7ea330c6177c,0.551478 608.55 185.23 216.42 313.83 0.508901 642.06 241.81 167.29 202.45
0466a624-c075-4db1-9e03-f58d09bc27ff,
0467d282-4548-4430-bc98-1c3dbfc96e8c,0.493134 545.02 667.69 201.98 349.48 0.442086 155.41 255.92 250.08 527.96
046a9f1a-abb6-4e75-94f5-a98a197a3ee9,0.469159 87.58 269.42 251.08 317.00 0.457228 490.79 374.00 268.92 267.73
046d7152-9614-49b3-8883-ebb9d3782205,
047033df-5509-4b5b-9861-351b9a0bf4c4,
0470a3c3-5ae2-4324-9460-5720aa55a2e6,0.428019 265.23 503.34 197.79 283.63
04749fa3-5cb1-4f37-8156-f73a2083b392,
04785916-0ae2-40b9-bd71-1698025326fa,0.559521 601.16 246.92 237.01 307.23 0.469253 171.37 227.25 259.90 297.81 0.457707 147.70 208.81 300.87 566.57 0.413385 634.24 267.70 186.65 157.30
047dd82b-ca05-4952-95f1-cf68900ac1fa,
047e8da3-51cd-4ce3-8fd7-b954844c6acc,
0483d8c8-2d15-4ae0-8034-4dca932e8ddd,0.486650 572.03 179.36 272.03 559.10 0.441108 124.90 103.67 290.85 548.16
04892909-51b5-475c-9234-e7e97fb77c83,
048a59f8-9022-4598-8424-f8b0250a2e2a,0.429002 169.21 361.28 206.86 243.16
048a68fe-87f7-44a2-953d-d00651cc2605,
048b36cf-7652-472c-ba61-6dfd977c8558,
048db597-2cab-4d93-83f6-eec6594760c8,
0490b4dd-cb7c-496a-b0ea-12244a055d57,
0491ed4f-43cd-4fc2-93c7-dec9ce25590a,0.433175 204.29 638.51 170.81 179.74 0.405577 200.02 293.80 168.37 184.59
0497418b-3302-443f-aa7e-360cce158a8e,0.530398 653.17 174.97 280.47 676.80 0.463846 216.61 5.70 352.36 783.41
04994871-0d95-4104-9e60-9573851ee997,0.406305 469.29 508.05 245.84 278.67
049d734b-adf3-4ae5-a955-c3e33139bb27,0.513380 236.83 369.52 228.59 298.10
049de5c2-a8c8-46c9-bc9e-cf206f320df8,
04a6a155-afbe-4ba6-88b2-d2f182d22f89,
04b196dc-81cf-45f4-9180-e6766614599f,
04b5819e-f756-48ae-824e-ca9c92520bbc,
04ba9dc3-9cf1-41f5-9e4d-939bd69c97f6,
04bc24b8-8416-49d9-ba53-df71eb1c4c93,
04bcc451-d63c-4845-a1d9-68539a4b4f3e,
04bccc40-9a80-419a-9210-bd3c2114754b,
04c154cb-b57b-4b0f-9501-89a19da07a1c,
04c2264b-9e77-464d-92e6-0c6cec3a2393,
04c755a9-47f5-47ac-ad3d-78534aecf983,0.572969 185.78 300.32 227.35 346.71 0.488833 584.75 298.29 228.23 373.85
04d35c6d-2ff0-4e0b-be77-d477f99bc825,0.515056 207.15 359.87 222.85 414.69
04d90834-6551-496c-b0f3-3852797454e4,0.406747 179.92 541.38 219.68 271.45
04df4d20-f843-487e-911e-8f68113172ce,
04df7618-aaf9-4979-94d4-2964151de11f,
04dfc89d-0cdd-43d9-8147-e70ed709adf1,
04e7a717-567b-4dc3-93ef-6ba4bbdc4a5a,
04eaa6de-99d9-4a90-bd0f-3fb9f486171b,0.644833 553.88 274.06 258.20 560.46 0.588311 149.54 248.17 303.96 528.64 0.406684 170.26 365.82 233.15 342.80
04fa2f57-3f81-4630-adda-b3d7529adb49,0.473751 529.88 325.40 263.43 567.62 0.434624 129.14 422.95 229.42 376.73
05069fa5-b964-4141-bb25-4f4b7307708c,
0506fcd1-0923-49ed-9b17-fbae41bcdcdf,0.429685 252.88 427.99 204.11 302.50 0.422358 681.79 559.21 254.44 329.37
05099119-bb70-4efb-9cbd-03e9625528e4,0.640940 532.25 311.77 257.44 551.15 0.542631 129.88 500.61 221.86 243.01 0.434262 141.80 564.19 170.61 156.68
050b393e-4356-4eeb-9587-9a9b51da624e,
051592aa-45c3-451f-8d18-a23ab3e04fcd,
051af36b-733d-4663-88f8-dcbe015f783d,0.430480 178.51 532.01 224.68 246.65
0521179f-8de0-4ec9-80c4-2f6e36f157cb,
0524e490-8eee-4342-8813-870acac6b222,
052a7efe-e167-4c21-bac9-7151f524642b,0.515822 186.57 349.05 270.75 570.91 0.427675 596.53 442.40 241.36 566.17
05372f6c-91ef-4471-a35b-42d76f07267c,0.466656 648.32 429.77 183.80 145.25
0537a83a-46eb-4b64-b8e3-43ede726cebd,
053becf8-f9a2-449a-8260-a1480a45b1da,
0540925d-6075-4bb6-9007-020b53c08958,0.557712 160.67 365.74 268.00 492.56
0543bdc7-dc00-4dc5-9ae2-e7f131e0d60c,
0549f9af-5fb2-4ec8-ba65-5c5c8cd79a2a,
0550c5d5-941c-4995-9276-6401a8a4ffbe,0.465198 188.94 457.90 227.05 268.73
0554cfe4-89b1-4bf0-8495-07a641f9412e,0.536858 254.30 281.86 214.49 352.90 0.429024 621.46 167.02 248.81 496.96
055e2e2b-065e-4855-b0c5-a1bca820abea,
055ea522-3b80-4dd7-a757-5b21a8a440c8,
0564ed66-bcd9-4f0d-a66b-846c1facd59f,0.408920 292.41 457.75 148.52 191.31 0.402699 634.03 385.39 223.91 315.71
0568aa9a-9326-4b3b-b3a2-2ef81bc42484,
056aad32-f0ca-41bb-8153-9bb2904b5658,0.512332 231.42 324.43 273.95 540.63 0.434130 617.99 525.04 198.83 349.32
05728606-b93f-4bc2-bdb8-9f67281f1d99,
0577274b-1c00-4a60-b8ff-322c8a01b2f5,
057a7499-4836-44ef-9490-56b002cd63c2,0.641740 579.27 185.67 266.35 601.59 0.634185 167.98 144.80 277.38 622.24
057a8a94-42b3-4f8f-b1c6-1ea47715fda8,0.451558 598.77 431.58 246.10 417.53
057e7feb-bc0f-4a17-bde0-3b9c20727e0e,0.499606 151.92 452.49 262.64 176.44
057e820a-bd8e-4c56-8713-08710d3b683a,0.576262 239.42 269.44 214.48 275.79 0.511530 642.85 339.17 234.21 338.07 0.444122 257.63 295.60 163.95 178.62
0580d4c0-6700-467a-a81b-f39d3d037884,
058240c8-1e00-4f7f-8a13-006aafd538eb,
0586c1ed-1109-4d8b-baf7-a9fcd65dccd4,
05904708-a1b1-42bc-996c-b384d06c3efd,
0591bb41-c6f2-4c5d-afbb-4816867c5305,
0597c805-8002-459d-a02a-24240a5c18cf,0.431108 530.62 243.97 214.22 429.56
059cdbab-5cdc-4b42-bf37-0423ae3eba0a,0.481987 213.27 158.77 236.69 513.93 0.444992 570.12 261.38 235.57 498.82 0.418817 629.90 343.47 153.59 189.02
05a43f7e-f0c9-40b0-b705-8753feac0e26,0.438728 634.18 391.08 143.14 157.81
05a44577-fe08-4581-abc8-7be37bb5476b,
05a79b29-88d2-4782-a0a2-272e83890e0e,0.520558 417.40 212.25 219.77 362.50 0.498984 724.48 272.89 243.72 523.43
05a8f337-2b64-4355-aa35-b63289f3c911,0.487991 183.08 522.61 244.19 215.76 0.443701 197.78 586.12 181.64 137.87
05a96e6a-86a0-4163-a4de-388833f2dc75,
05aa63ed-15bb-43eb-ba2a-08ebe2029c12,
05addb62-12fa-4156-90b2-ee182486ee94,
05ae568d-9153-4035-a5c0-33bafbf5b697,
05ae73a4-cf3d-436b-b5f5-05cc25c6e9e3,
05aea639-1039-47fa-b497-e071d0f6cb17,0.420386 213.86 533.52 200.94 139.29
05afbf1d-d526-4280-a9fc-70052aefca40,
05b0b6e5-e66c-4bcf-8516-4f7c052651d3,
05b1c573-7f35-41b1-887d-bb6e8cedf29d,0.466218 191.07 350.36 256.56 279.27
05b1fb97-b4f8-4bb9-b154-27505856cf0d,
05b2cc6d-8a25-47c8-a191-bbaaadf0bf64,
0cdee6d0-ba84-434c-9d0b-8c570c6d6149,
0ce4b9f1-7d93-49f4-a856-bd9308be5eae,
0cef4200-5aa7-4cef-969c-ac9c0d855cc9,
0cef9e32-622e-4703-80e1-c14460e9f716,0.495455 233.61 449.12 196.20 309.46
0cf2d6d5-6124-47f7-94ed-78f1aefea44b,0.567176 191.01 471.10 227.70 359.46
0cf65c37-b3c5-4b10-a252-2808d80b2a0b,0.541155 193.83 548.83 164.93 136.74
0cf8860b-ee52-4b64-b8a6-5f753c64412b,0.548291 135.82 386.70 223.91 318.96 0.493829 581.21 436.89 247.62 308.02
0cfb46bb-a283-452f-80eb-1ed0404c9eda,0.408533 210.06 595.29 178.59 154.33
0cfcd755-5c79-4fcd-9562-0b983f77d0c0,
0d000250-5968-40f7-bcab-8b6cffd8ccb3,
0d018344-f3a3-4ec9-9359-38187eea4a6d,
0d069b31-66d8-439c-bdf2-d1c4b2cf3436,
0d0a219a-f091-430b-a0c4-6a90faa1636c,0.596027 496.85 381.65 253.10 598.69 0.582520 168.08 449.94 234.20 540.28 0.581181 181.01 653.19 197.17 309.47
0d153b8c-bfca-404f-b6fe-1d26a4d47740,
0d1cf468-3791-40a7-8597-e0abb8b2d142,0.582031 136.17 147.50 283.31 615.92 0.513724 582.22 172.96 279.14 612.45 0.408985 626.95 615.93 256.43 206.16
0d1d9291-e33e-4224-ab4e-c6b89f92a66c,
0d2737a9-4f7c-4e6a-b37a-a620bce1bf8f,0.603134 569.93 209.84 278.77 635.04 0.546622 170.95 336.45 259.01 521.19
0d27aad9-1f0b-4e6b-ab42-c3950c1f3e8b,
0d2860d1-9550-42e8-be36-036fb4927bec,0.599778 629.55 357.68 238.88 282.73 0.515049 211.88 234.51 228.08 254.50 0.506278 661.53 373.61 183.61 183.14 0.412066 195.30 217.92 251.99 472.39
0d28dd97-ed8b-4635-82b6-61ec6dbd1224,
0d2e49e0-8fae-480b-aaa7-eede76cf9d5a,0.490635 241.73 531.48 169.10 155.76
0d2e6cd3-a646-4cad-942b-59fcf226fc27,
0d2ed055-884d-42c9-b140-c5c3e4d74fdf,
0d43180e-3e54-46ac-be8f-2418dfdd8cdf,0.446301 242.95 156.97 276.95 552.08 0.441213 649.88 228.56 265.05 331.44
0d4ee901-841b-4693-8200-76d4cb1b2482,0.581448 562.85 132.61 260.08 609.44 0.571131 210.09 186.16 206.24 342.81 0.425517 605.67 193.79 196.08 402.82
0d4f4313-566e-4de4-96c2-e2879a2846ce,0.487675 628.62 357.20 185.28 361.65
0d53594f-65b0-4d99-a5d3-c9568c8c6b56,0.547802 606.07 392.81 314.62 260.88
0d55280e-edd7-48dd-bfce-7cd44ecfb3f7,0.483375 538.98 528.16 202.08 336.10
0d5b9d41-4d7b-4539-8f63-0bcbb56d3d59,
0d5eccb8-befa-400a-b2ec-3bfee6004787,
0d61f2f3-c991-4eda-b960-27a5949fecc7,0.585543 574.97 112.77 242.11 508.59 0.560506 262.01 176.96 211.27 387.78
0d6243f2-28a3-4b89-b461-de17dd77f1ca,
0d6fd98f-b65e-464e-b492-16c047447433,
0d7f141d-0954-4811-8c56-ba138b74da0c,
0d8606bf-1f0c-4f8f-a271-dd40ed0ecf45,
0d88a37a-d8d8-4f64-b2f1-7288acf8d80a,
0d8965f0-e716-415c-b676-600d08e4415f,
0d896bb0-111c-480c-b2b8-eaba5e65e826,
0d8aefb2-3b62-4cf3-8adf-b2fd9f7570ca,0.417488 555.85 518.60 257.43 223.98
0d90d83b-71b2-41b3-a385-312911ae911c,
0da4074c-fa4b-4450-81b3-74282d6c49a6,0.533271 303.77 298.76 188.95 331.85 0.477904 578.88 302.89 177.99 374.53
0daac4c7-ca50-4ea5-a1f0-ef7376ad14cd,
0daea621-2fce-4908-9551-0e219d760c7f,
0db01d52-c8d4-490d-bf26-611a5a7616f4,
0db02017-96d4-4aa5-ae23-4af0587cafbd,
0db51798-2837-45d6-94a5-1459b8f63b1a,0.411945 350.98 219.86 162.75 145.32
0dbfe0c3-ec45-404f-ad6e-54683f28b52c,
0dc2a698-4e8d-47cc-9d05-91be01fbe7b2,
0dc83f2c-c930-49aa-83f0-e9ed0aadd976,0.551185 588.94 349.30 217.29 298.56 0.404844 626.25 377.00 165.85 195.57
0dcf2fda-af28-4473-8ac3-47bb30d332a8,
0dd5582d-16a6-41a8-b06b-8d15325d34a6,
0dd5e84e-f64b-4226-abea-b7e11088eb05,
0dd973cd-f375-447c-8c64-bc61a11ad0f7,0.506884 243.50 148.97 257.78 592.82 0.451929 631.28 134.84 261.65 583.33 0.427283 262.92 382.89 212.43 324.16
0ddc2515-b699-4b06-9cce-f2b7c3602449,
0dde0556-d227-4e56-a703-7791fb290b64,
0de0ccbf-7a9b-4eea-a9a1-038dc249e6eb,
0de14fa9-8f75-4e50-abda-1e5414b06e0d,
0de33fbf-998c-4c91-9561-df7343873bc2,0.412902 635.93 522.33 202.98 179.80
0de684d0-d7e8-4784-80bc-b112a66425e6,
0de94683-fb0c-444d-be13-7617a09a3247,
0de98fbc-87d4-4a2a-bbc6-39d3cb18cd0c,
0df38bf0-24eb-4e29-947f-02d95fd984c9,
0df5618e-90fe-48dd-bb45-09ee59203884,
0df7e57e-b1c5-4ccb-ad19-4348b8818882,
0dfce29d-5d4b-4b2f-a248-b5db56f5a072,
0dfe304d-a5b6-43b7-969e-754c6ebd7747,
0dfe9ea1-0a54-475a-b44e-76cab0e078c9,
0dfede2e-48be-42ec-aa22-d81d01df0e37,
0e0083d7-5e56-4c71-bce6-1a4d3e02cdea,0.511985 581.39 381.62 228.87 360.58 0.454729 209.28 320.39 247.40 518.34
0e064c00-ba9b-49ba-af5b-cf52d819604c,
0e097143-6cc3-4a55-ba45-0f60075a42e5,
0e0d6fbf-58d4-49c3-b895-49ff617d2e39,0.430988 542.08 463.50 263.45 237.95
0e0efd8d-820e-4845-965d-8d8336b45c82,0.565028 232.91 295.71 208.70 389.13 0.494274 587.89 382.89 252.99 534.96
0e133eeb-8b1f-491f-b9f2-9c2dcb393e82,0.615504 126.83 279.90 239.17 382.98 0.428652 461.74 242.63 243.04 515.80
0e164f1d-f081-4284-a374-d6b2ee3d4965,
0e1664f0-f707-4bf0-9a33-4cc849e25284,
0e1d3610-9f6c-43ea-861f-feb86643987a,0.445508 156.71 541.66 235.35 335.24
0e334daf-a272-453d-8d3d-80d9f31d59b7,
0e33ac1b-a76c-4e1a-b404-9bec63c25528,0.433903 593.89 445.58 243.80 281.87
0e3720f8-0f46-4c42-8fa9-25aee26af12c,
0e38f5ef-e94f-46d2-a67f-d3ca284e4351,0.554697 162.10 280.94 265.32 560.74 0.542089 584.15 435.52 204.03 329.05
0e3d4b94-9c67-4a3b-9805-389fe00addf9,0.431873 284.79 554.55 160.44 188.03 0.403566 599.45 230.54 183.02 320.19
0e3fcb29-79d1-43ff-a5e3-25d4e7c688cb,
0e40c8e1-dd94-4ccf-8bf1-8938377704df,0.475195 280.14 505.65 164.46 180.05 0.410845 670.64 428.70 196.60 354.74
0e46f58b-4caa-4b3b-9306-3a68054bf193,
0e4b53e0-0f1e-4005-9aae-97dc9717409f,
0e530c69-319b-413d-a9f3-2eb0810bba05,0.596759 130.37 388.83 278.44 376.48 0.553525 597.08 294.73 316.63 569.00
0e545167-0db9-44bd-acf2-ce879af3ebda,0.625353 226.27 323.32 212.16 378.24 0.503913 679.71 394.65 221.73 276.29 0.451018 639.68 347.01 256.44 489.43
0e56226a-17c4-463b-aa1c-2c0297e15b63,
0e57842a-77a3-4eeb-9261-9818c2707da1,
0e5803f0-1653-4099-932c-e3df9f402772,
0e586366-2ff8-443d-b09d-341467680c12,0.587193 106.49 409.91 223.39 247.75 0.458100 499.20 278.09 237.25 369.51
0e64b83a-7b7a-4bf2-9787-08cc6ca0c951,0.418052 575.50 497.02 298.83 214.32
0e69231d-bdf2-4a34-ac38-7af04f5848a9,
0e6afde7-3b82-48c0-8b9e-359eb15618fb,
0e6ca7b6-3d33-4d09-8c1e-6c1d0ffaa844,0.416742 148.25 548.26 224.47 297.95
0e6f8c38-40cc-4e14-b6a4-644b792362a9,0.590547 643.74 281.83 212.06 348.49 0.584769 241.92 322.21 238.34 223.88
0e74967f-8e25-4916-8133-b527f4df6dcf,
0e777e72-c627-4599-89bc-9d86f9c197a5,
0e7e1804-ef73-43db-9c3f-020464d7bb1f,
0e85807d-4f11-43eb-9bf8-deecfcf79961,0.423186 269.32 429.23 157.85 155.04
0e863460-f754-4139-8ffe-8742cb4ba145,0.489654 635.36 653.33 221.40 352.26 0.468359 257.18 558.88 211.29 328.04
0e8640ab-2f0b-461d-976a-7d86f128b57a,0.465694 543.24 519.05 277.30 268.71
0e8893e1-6a7f-4927-a15a-7fad5ec6cc66,
0e8e07c6-ce6f-4bde-a85f-d437f0debd43,0.596567 120.33 366.30 236.79 308.47 0.518399 577.16 410.44 239.10 348.45
0e917a81-5107-47f5-b67d-c3f2f84700fc,
0e93cd46-cdc6-47ae-897d-feeae8be5ddb,
0e96c423-33e6-4881-bac3-b200a4a9eb94,
0e9709fd-a769-4d60-8a06-29a41c7c8297,
0e972c53-45ac-4313-a3c9-ffd5656b9619,
0e9a0009-4464-4f18-bff5-8dae9645ae6a,
0ea07d0e-43cd-485c-b205-0da9897cd3f5,
0ea1e7fa-5d69-471e-9655-69542b15d3e7,
0ea2a295-d334-4620-a993-28d72da2f094,
0ea77882-9a44-463b-9141-b8a714c83dd1,
0ea7fd2c-4275-4c7f-b9e0-d1aa3fc6be8b,0.529819 611.01 213.02 269.46 598.05 0.517040 207.08 209.81 267.72 569.51 0.471413 646.62 381.14 214.42 373.84 0.413134 233.18 246.16 218.35 330.26
0eabd32f-ebe9-4f0b-8307-3633f93a0e3e,
0eaf12d1-72c0-4c28-9dae-be7e43ec3f5c,
0eb1398f-eb8f-42bf-ab65-665da6e5f94a,
0eb34bbd-a1f9-4006-96e2-0ebcad6af512,
0eb503bd-dd72-4ea8-9cde-c908bc1d8ea1,0.480299 554.54 275.63 259.30 520.65
0eb58a9b-834f-4962-abfa-5c13b8a4b3cc,
0eb59cbd-8343-4cf5-8851-3b247238e525,
0eb6532a-ef0c-469d-b85a-d1e6a311d5fa,0.506489 236.46 372.71 216.33 320.38 0.457966 637.03 335.84 243.36 390.98
0ebee16a-b447-4679-ad2f-9eacd23f7901,
0ec5b804-19f7-4c99-a8a1-feb091908447,
0ec7d9ce-ff6e-4160-8c20-d6622096114b,0.419936 122.94 248.45 222.27 342.55 0.403524 490.60 422.22 266.96 264.65
0ec8f886-8fe0-4334-b0f4-fb2284d9e3f9,0.528862 207.58 435.48 180.97 162.66 0.412108 561.03 338.42 212.64 314.02
0ed5e143-7932-4179-8625-c66ab06aea09,0.445490 239.55 497.58 164.40 157.26
0ed8ca2c-bf2d-4e95-8238-e26e59630bcd,
0ee4c769-5436-4c14-8d88-231c2dabd8bb,
0ee6cf48-a6d8-480e-a404-b8e8503bcf36,0.585969 659.98 163.36 156.90 163.81
0eec7e74-4d8e-496b-bf47-81f86547ecf4,
0ef5e498-d7e4-438e-a957-3acb44e05372,
0ef98861-e289-4e54-81b2-68f2812bf7f3,
0efd119a-5eba-4c61-8d9e-56380651b4d9,0.563810 211.38 377.58 261.40 221.38 0.483075 247.48 404.64 195.61 145.79
0efedf3c-8bb9-44ed-85da-fe85f53cbe6a,0.491205 425.79 339.07 138.47 147.93
0f047f94-8ff8-4a5a-93f7-2d0e3288b972,
0f08ceaf-0815-4e90-bbf0-5252bdd05d29,0.464504 170.15 369.03 272.22 529.94 0.440929 177.54 540.84 222.97 315.91 0.437343 552.28 334.13 274.90 565.49
0f0bdf32-57c5-4a1b-8f76-882dd3b093ee,0.559115 178.21 201.12 246.45 548.13 0.493868 572.65 343.01 223.93 342.20 0.458876 189.05 417.52 206.35 320.47
0f0cb093-4030-4f30-824a-dc15e4d3d778,
0f0f6887-ec83-44a1-a49d-7c7e127d51c0,
0f12250b-7596-4a1e-a1df-dd18aa1f421b,
0f162616-cc4a-46fe-a7a9-3637fa8889f5,
0f165be0-0173-4a7c-8411-9b9b29e4f021,
0f19e860-3c16-45ee-a439-2af97f902e35,
0f1dc462-55cf-4c50-9ffe-16e1cec3cb79,
0f1e9b1c-d6da-4897-a9cf-ae987927797e,
0f1f2c60-536e-4e50-b9f4-b90cc8c4cc2b,0.422689 628.74 361.20 196.80 315.38
0f227a5e-7cd0-4b8a-ae5a-7c089ce1d869,0.458400 658.10 281.50 230.04 332.90
0f2454e6-2e7d-46b2-886e-70aaee4a2d0b,
0f2490f4-3b65-405c-9dbc-04a22a6fb0ea,0.413343 227.59 87.52 247.80 578.09
0f27b2f6-0744-492f-b56d-82fdc7596725,
0f29db26-5ee0-4f6b-a03e-0da08fdb0a3e,0.603743 530.60 507.52 158.69 147.63 0.483605 174.54 328.93 196.12 389.28 0.452497 495.04 471.47 215.92 217.71
0f322913-eeda-4f18-b112-a9da608c5a3a,0.407239 637.09 423.26 208.20 357.60
0f3b2f60-d088-4e3e-b4fe-215bb5602926,0.625326 217.55 582.81 234.04 272.15 0.496501 603.69 544.94 258.98 231.44
0f418437-6440-4145-a7f7-b254a91f5240,
0f45f625-9c2f-4c89-87d6-4131ed0b67a0,
0f47abd8-8c3f-40bf-a991-7d97ff1eb083,0.584163 179.37 208.24 205.98 369.68 0.521115 527.76 263.84 190.33 307.59
0f4962d2-c127-4a9e-be16-68b8a44c7810,
0f4a6a43-8c30-412c-9535-1ff7acf27505,
0f4cce56-c99d-47db-b9f6-2c95f4555c7d,
0f580263-ccbe-4b30-96cd-e1929ed5d873,
0f5e2671-46e0-4bbb-afe4-3b91a018548a,
0f5f6270-8811-4bfe-8ad6-cc6e1f3a786f,
0f601e6a-80a3-4bd8-bfee-d00293058572,
0f60de84-91e3-42f8-84ca-587f07437f48,
0f62cec3-0d14-4a7b-bed3-230a4a0b9b3d,0.506403 123.35 579.17 246.24 384.10 0.439414 579.05 671.52 226.89 324.95
0f6a82fc-fe20-40bb-8be8-b4ee2a015e18,
0f750c99-7add-4129-a7b4-21000786d550,
0f787925-7338-489c-b565-df8a60253141,
0f7b0aff-0bb2-462d-beb3-e8c98c30b654,0.659858 553.81 152.13 244.11 602.31 0.605261 178.91 173.03 253.43 520.62 0.483244 197.49 249.96 204.52 313.65 0.461516 591.65 300.73 186.40 389.29
0f7c5eb5-3cd5-4495-a5d9-9a2b4eff6165,0.541119 157.16 187.02 249.99 605.12 0.438851 535.28 173.59 259.68 538.46
0f7cb40f-fc3b-4778-90db-5becdbd5129f,
0f7efeb8-fe98-4c57-b323-31f411914ecc,
0f80eb4e-1ada-42d1-b97b-15bce30c41ad,
0f8152fc-21a3-488f-b8bf-9d2e29436fb7,
0f878881-50fb-4a61-bada-8c5d04c14017,
0f87b598-ec56-4d40-96df-8ff204db814e,
0f8dbba2-2d4a-430e-a0e2-3d88dff1b785,
0f923d95-7046-44ed-8aa7-243c0b98c881,
0f96b5e6-6714-4613-af33-edfbdbc1e0bd,0.578179 502.55 265.01 246.25 528.72 0.568638 147.64 429.12 193.79 330.33
0f98a99c-27eb-4e7f-a307-549f33accd71,0.489478 544.98 417.01 253.77 422.72 0.411825 232.71 536.08 165.56 144.55
0f9b4ff9-cafe-4c96-b0e8-6e4c282ecb02,
0f9d153b-7f89-40cb-92c7-2f7a7d423547,0.402231 227.84 511.00 181.07 159.63
0f9f2955-cf07-40e3-9624-6d84654c9fb9,0.550874 510.58 278.27 235.26 317.28 0.455971 102.43 163.50 251.33 501.58
0f9f2b0c-bbd1-4afd-b0ba-ab3d84fab4c4,0.573011 305.20 262.12 258.81 629.52 0.548759 670.37 281.05 268.19 660.14 0.421607 326.89 514.92 209.70 316.52
0fa36b70-6eb6-48fc-8f6b-4c3b74a4286d,
0fa44268-b43d-4c98-b179-6deb568f0fd7,
0fabf2e4-de44-4ff1-9afd-0593d4501ef3,
0fb6b2ba-4aa1-4e18-b3b0-2248e7836ef7,
0fb7f9de-9fa3-40b9-bf27-7cea953b6058,0.480070 248.13 424.71 232.07 298.08
0fb8908c-5485-472a-bffc-08a7f42c18ca,
0fb9236e-e8bd-4dbc-81a2-c062caafdf43,
0fbc887d-3851-4e9e-a96a-b85390a4c6bb,0.435767 566.43 334.40 279.45 552.05 0.424317 161.24 279.14 276.29 535.06
0fbfdf91-1994-4c3a-a7f4-ed1fe04cefa1,
0fc6f60b-6a29-432a-94a5-a466eaaa91ab,
0fc71688-34a8-4b14-8d21-896e1eecdfc5,
0fcb8bee-5859-4cea-8320-7afdb6b8e293,0.418984 653.83 264.77 299.00 268.39 0.411367 238.88 176.42 255.71 275.22
0fd20e1e-d56d-43fc-a605-e5cd8b88ab00,0.484793 606.17 174.39 250.58 384.00
0fd22ddf-e3c9-44a8-8e4d-c2e3aa4e0c98,
0fd44b3f-975b-410c-97d1-a9f964d1f596,
0fd5aab3-3587-4ae0-b80a-76854907b966,
0fd6e7a8-7a16-4bbd-9da5-41c657c72d35,
0fd95a7c-354c-4d5a-a950-af113d04c15d,
0fd9a32b-6d8f-475e-8e3d-e223d39bee3b,
0fe112ca-575b-490e-a266-b455a48a644c,
0fe2c765-96fb-4500-9811-98fb684e583e,
0fe81742-9643-47f1-9c77-7186610b1748,
0feace69-7c67-461f-9243-63cab77dcc18,
0feb1109-00d2-4efe-a9da-9827d1d7498b,0.500565 132.24 477.83 240.03 233.12
0ff3dbd7-8d19-4129-9c8e-783b7644c750,0.530283 589.23 247.23 191.51 281.73 0.426024 221.84 218.18 213.76 439.44
0ff9da5a-f294-4566-87e2-924899770072,
0ffb34e5-f3c7-49c9-b9cd-5b73354f562d,0.416800 583.63 372.02 285.54 238.07
0ffb49c2-51e5-47dd-bfb9-2fe300e697e8,0.444946 577.17 527.12 203.11 287.36 0.437047 606.76 562.26 158.44 177.09
0ffc8b2e-bd55-4b3d-94b1-306e0e20a3dd,
0ffcc21e-3dcb-4ca7-950b-856388a34d65,0.482734 569.41 616.04 139.77 150.78
10018c2f-3283-458b-9f0a-55b39e8c29a6,0.489707 603.63 188.21 277.78 677.59 0.469586 183.36 47.87 309.72 723.13
1002ef3c-7022-4769-9dcb-498738fcad24,
10070fcf-06e1-4d69-826c-27c91e7975dd,0.585582 629.70 459.54 252.98 258.46
10090118-fe34-4225-bf51-62894ecb4994,
1010ee15-41a3-4533-b5d9-d8f26946160b,0.433168 597.75 421.89 170.26 109.78
10168b52-ed7a-4714-b6d3-751797713501,0.536679 196.22 292.73 282.56 503.85 0.470276 649.31 252.81 289.31 516.77
1016f480-01f3-41ca-8b3d-5f6d76b28db7,
10182b23-2bc4-4b89-9cf0-b1338504de35,0.512031 314.05 555.85 169.07 148.58 0.421924 685.98 569.20 237.46 301.61
1018a3fa-be7c-4839-8cb4-a604a335f237,
101d65c4-d5c5-4a85-8988-59c1dc02fada,
101f8cfc-a28d-4622-ad18-65214f2e5441,
10251185-c869-451a-8b36-491c2207ac95,
10276fad-8690-4e43-8221-dd01bd77ce7f,0.507589 149.89 442.60 250.14 305.17 0.428641 608.55 670.14 282.10 201.33
102b3230-f521-48e9-807f-7f219d6778e6,0.432275 175.55 356.36 245.52 302.55
1044cdf6-d7b5-4e65-b569-10418f948419,
1049f4da-c709-42d0-ae4d-f957afd37a1d,
104a97b7-5dcd-44b7-9cab-4fffa8e46f45,
104c0c31-7fd6-4529-a126-2832f343db46,0.610416 632.55 200.96 227.38 517.60 0.570179 297.06 240.16 225.11 489.41
104d7ee9-0ff7-48fa-a911-c8b3343e3459,
104e23e0-9104-4a9d-856f-1e2463509643,
104f01b9-7f61-49b4-836c-de1cef558910,
10517e42-0a52-42c8-a3a8-d7e61ce9fb1d,
1054025e-ca58-40ed-b2d6-bce5ba677c97,
105a84d8-760c-4158-9399-4ae9127ab813,
105b67eb-bf68-4312-b594-cac7d97eed16,0.514081 211.73 395.85 193.97 138.93
105d515f-b44e-4ba6-b4b1-b00b5354597e,
1065459b-6495-4341-9e2d-b471488c3256,
10689654-3a08-4582-b193-d821a2a9d3b8,
106bed89-d6a6-44b6-b871-24c2289b1546,
106db102-2a51-4785-aab1-9ab08588bc93,
10712214-9adc-4f44-98d6-603aed45f496,
10783fc2-79af-43bd-b5d9-dad212d58976,
107c7217-0346-4614-9b31-f6649b87ff54,
107cde4d-12de-42ce-ab5b-abd6a2c55c2b,0.491211 208.24 512.44 180.99 130.74 0.421426 593.63 433.90 201.40 150.35
107d9dee-2c7f-4a58-8bea-7b0ddf4885ba,
107e772a-3ad0-4187-a01a-3d209c1434c1,
108adcb0-0301-4db1-ac26-3c38e8fd388a,
108c7abe-fd00-40f7-ac41-eb16f820b24b,
1095560b-dc4b-4896-a37d-3e8943ea1dcc,0.551180 595.73 407.07 257.52 298.55 0.433145 199.58 360.00 229.31 290.35
10a49eb0-7c77-4c65-b7bf-a35170c9e066,
10a58805-abdf-4bd1-80bd-b76f8dd5c4f9,
10a59d8f-d790-44b2-8007-b9f34bdf482a,
10aa9591-db75-447b-9d6a-b84678ff6d95,0.469696 149.39 425.81 240.09 294.40
10ae6129-dc22-412d-924d-5c15f93f5408,0.431771 143.92 567.62 172.00 154.74
10aea5ae-b0be-48e1-87cd-477c15a85772,
10af7d7a-04cb-4805-9ce8-c1944f8558fd,0.562578 132.53 605.19 251.09 257.58 0.449142 146.34 227.67 290.48 644.21
10b10a7f-c03d-4b05-991e-ad12c4035e6b,0.462491 242.67 506.43 172.80 137.95
10b73213-154e-470b-b4c8-8f8ecbc5d756,
10b9be09-1b44-421b-9651-546d207e5095,
10ba1ebd-cdd9-4748-9183-4414f09de172,0.617011 660.27 109.12 261.94 534.59 0.611733 235.16 109.51 289.40 574.35 0.474308 255.07 176.59 228.84 339.83
10c41e0f-35e9-4bd2-863f-4b7a69cede01,0.512957 605.88 457.81 242.61 514.07 0.403958 196.26 723.60 217.43 257.76
10c6f9ca-4e9f-48f3-848d-4a5c2b8daf89,
10c7dc33-2d86-4522-92bf-044ad1da5260,0.493874 176.82 377.10 265.19 274.03
10cdb6ec-b1e9-45ec-a3f3-2364dd30346b,
10d00463-dfa9-45b6-8869-9674a7773069,0.478945 646.84 430.56 172.43 157.80
10d51e48-d4c4-4a73-993d-0de2fd798444,0.518042 555.62 446.38 206.51 271.55 0.415723 210.77 419.40 182.44 313.44
10dc2ff9-550c-4370-88f4-2870e57bf8fe,0.594189 244.59 200.16 194.89 167.25
10dd06b3-dfd5-4bfb-b2d2-184e8fc4d9be,
10e2ab61-a66b-4f5f-a104-13b449d7db55,
10ef40b9-f61e-4eab-98b6-759754cd6e00,
10fc0af7-85b4-48e9-b632-534c7a0d53ba,
10fc3464-bb8b-45fb-9861-b79d288e2368,
10fc4fbc-0aad-447b-a9bc-88e840b409bb,
10fcfa38-7221-4801-8e56-2c6282c5a15a,0.415880 605.29 507.93 254.02 292.64
1106f9aa-23eb-44b5-b9c9-6a83c6a3c0bc,
11070900-23ad-491a-9c16-fb4dce0091ee,
110745d6-b723-471c-8d12-5a25324e1acb,0.443297 148.97 686.63 217.60 260.74 0.430466 537.02 192.14 309.37 758.27
110b101c-2cb9-48ba-b0da-1a3b375dbc55,
110dfcba-05da-425e-a691-9e17a593f69b,
110f1159-37d3-4a37-b4ca-5df42ae6a851,
11112783-2e0b-488c-bfb6-f8c7c782baa3,
11149595-46a2-48b8-91d3-b9ebc4da8d88,0.633404 100.87 451.58 160.09 168.47 0.425225 410.58 408.32 146.74 159.26
1114d11a-201b-4105-8d7f-032dc2143e61,0.579429 248.74 416.45 159.33 130.99 0.406813 220.64 389.47 218.79 196.89
1114eeb8-c035-42f4-a038-13a806a568ad,
1116dd1a-1427-4d22-b80c-08cc68764041,
1118eb28-0e48-48b8-b352-2ab443454392,
111a5edb-45b6-4ea1-9f78-eb00e3f9d357,
112585e2-d08f-4740-8e17-6081789d5a76,0.505746 539.66 253.55 232.01 532.24 0.496698 207.10 413.18 199.27 315.55 0.421211 589.92 563.30 164.27 176.66
11286989-850c-44c4-adac-50a7d762b77f,0.526730 168.97 520.56 296.60 255.03 0.470240 604.09 496.20 275.95 314.63
112b8a2a-9c9f-42da-8b2b-d342db8d28c9,0.424332 684.26 468.21 196.61 256.34
112c8a69-cfec-425c-b9d9-fe07a0fd4ca7,
112e899a-c3bc-46d8-831f-2b8c8cdba2dd,
1130022a-5b49-4d2d-89d4-0886343b5bad,
1132c48a-df90-4cc0-b40d-7ba0709458a8,
11344a9a-430f-46c8-a783-0eabcbfd88fd,
11390d92-7bc4-4f66-818c-10794419bc37,0.402339 235.23 358.54 230.19 295.33
113a0978-a57f-4989-b3a2-09af6cfac9a6,
113b23a5-950e-49ee-ad17-c9dcdc2962b0,
114131f4-3e2a-45cc-b3d1-0876fd9a5ed1,0.548658 575.75 236.04 213.10 343.58 0.466558 183.74 502.37 225.01 241.03
11433605-429a-49c9-bd20-c0b6c4b528a7,
11436729-e5c7-40a4-b7b2-bfec506b6fed,
1143fdaa-99cb-437d-88de-0a9299bf8e40,0.531873 121.93 327.43 233.56 252.21 0.462180 529.10 227.08 254.49 286.31 0.422031 119.31 389.52 174.26 165.86
1143ff94-7f23-47df-b327-9c1dacd3f0a3,0.526084 162.67 212.40 243.85 500.52 0.511031 531.45 146.06 268.69 548.39
1145a218-f3d2-449f-a436-8ed5d86ec591,
11463b21-b97a-4b0b-97e1-13ab4033dd22,0.569949 319.83 588.89 153.07 136.48 0.419833 665.33 454.09 199.13 256.42
114bf6af-d3ef-489c-a6fe-304f7ef36fd0,
114fe748-8d32-4aa5-81a0-6035023038a2,0.569037 122.50 380.51 233.87 248.87 0.480710 535.24 388.82 222.17 329.66
11506857-bfbc-43e7-859e-05d233e6b3d2,
1150e4b2-a651-4125-81da-bcaf67bc1b95,
115798c5-2cc7-4ad7-9619-15f95d6dda9d,
11592fdd-4318-472c-ae9c-6f3a54d17f51,
115b5f8f-d8e5-4063-b8d6-db51757b2d9e,
11654d37-ddc6-47f6-8464-0b442afc0e13,0.524491 647.91 434.60 212.07 319.65 0.506137 618.25 233.94 253.00 568.30
116d7d17-9c3c-4e2a-99ab-cf3ac9d223d5,
116d8744-60c9-4371-aad3-39c2375ae1f5,
116dd2ea-16d5-4765-b800-cb77b72dbcf5,
116e1a13-ac55-499d-bcc9-ae9e0bd450d2,0.457469 541.08 527.79 195.80 240.32
116ec0ce-1607-4c39-88d7-58e6cd2a523b,0.529237 130.64 518.59 254.42 216.99 0.463427 600.09 489.87 274.03 266.40
116fee2c-9f15-401a-8a7f-c260a6f5a8e0,0.628776 623.43 264.91 253.20 539.87 0.604093 248.31 241.04 245.20 396.25
11704a5a-ab04-4e97-aefa-f565a5f1b07c,
117061eb-6454-4f19-8730-95c65a4029bb,
1177af10-f84a-4574-bf9f-36475010807a,
117c95a3-afca-4d4d-9a51-480d92016472,0.533465 449.07 211.75 286.94 587.70 0.488752 34.68 348.76 289.62 567.58 0.476698 55.77 553.76 223.05 317.78
117d67ee-2bb5-43a9-8cc8-d32ec1cf6b53,0.457355 194.60 486.97 216.37 344.74
1180f1f4-b977-4024-9502-5a034664ab42,
11878fd5-58f1-4dd0-b171-7c40612befb6,
1189f742-0450-455c-8311-192da30f23b8,0.437505 278.05 482.85 191.44 289.35 0.424233 649.50 303.81 192.27 385.92
1189ff25-fae8-43e1-aefe-a2a67052c52e,
118dee02-0518-44a3-b3b1-58a495d9f572,
118e2eda-ca5c-467a-8f27-5cab723c3f46,0.472327 160.66 497.99 233.50 253.53
118ee78d-51a6-449e-9691-33f64f92e1e6,
11912f95-56ea-4747-8062-87e455a6c5e1,
11921ca9-a014-41ca-90d1-deab38cbc348,
11978f36-7caa-426b-8dd9-1bf9a6acc522,0.480665 649.66 482.46 246.40 330.00 0.478350 254.98 433.11 220.09 373.70
1197d549-cd90-4692-8985-a083ca49f8c8,
11a04d2d-4f12-4876-abd3-baff3797e66e,
11a2a4b6-0b05-4d40-a34b-5afbb2ca53d2,
11a4b83b-8aa4-44af-a286-d15b40363e40,
11ac44ae-ccb4-48a7-91e8-7541f7527ff5,
11aebbf7-0f90-43a5-9358-b9373ad80524,
11b01d48-9f9f-4c4f-b6e3-eb2df49e84b5,
11b086d8-f29b-4809-ae14-747dfd3d59b5,
11b77b1f-1da1-4803-b21e-b784500b5155,
11ba8217-4fcc-4da8-a748-476260d6b3c6,
11c0bbb9-f826-4473-af85-d976cfe8342b,
11c0eec2-1878-4f9f-b73a-e3bee3a62173,
11c194f2-c78e-4a1d-aed4-e1fdb7cfba3f,
11c2071c-dab3-49b5-b120-41926283e5f6,
11c520bb-8900-4372-98c8-8311903628fe,0.490417 341.17 107.66 245.57 536.00
11c549a7-3e8e-47fb-8fc4-0e9fa7ced0d0,
11c7074c-e357-4032-b2e5-66a67d330545,
11c88925-9d98-47bb-ac8d-2522fae2c565,0.503046 581.65 414.21 250.16 233.93 0.461962 221.75 458.44 190.41 140.00
11ca69eb-7835-4948-b9a3-7e85cd11966a,
11ca6eb0-bf2f-46fa-a45b-6cb0870dae2a,0.593822 233.52 408.12 222.80 368.50 0.437421 659.11 628.48 167.71 179.58
11cc923f-ec9a-49c5-b4a3-ceb3c6da3273,
11d0ddf4-12c0-4998-a16c-f35cd42e2ad0,0.553314 223.09 573.77 219.44 281.70 0.468031 595.11 568.26 238.85 279.92
11d11501-2a76-42a4-8d9b-48e662ee4ece,
11d313d4-1d96-4da8-8fe0-8a0db9910d04,
11d3578d-1e36-4211-871b-f2e9adb5cbd0,0.419000 636.61 277.13 141.04 151.26
11d66121-49b9-4365-8c43-f9d3474e7c52,
11d8e7ba-de96-4640-8785-99b37b1ec264,
11db91ba-17eb-4676-aae0-82d4588d1d2f,
11dd9dbf-6f5b-42eb-9e2d-1b410111c63e,0.554843 201.21 264.39 203.00 381.63 0.477692 526.14 211.32 259.48 503.26
11df5b6f-d134-4195-9cc0-6273e4be67c5,
11e27545-3213-4f18-a07d-2498ba7c505b,0.607403 599.45 123.35 284.61 631.75 0.535387 153.43 115.39 315.41 739.09 0.507775 168.60 570.55 245.36 277.04 0.403192 619.12 146.59 222.86 390.68
11e44920-87d0-477b-ab1f-9d21a533595b,
11e44a67-9076-4adb-8ba7-497c39c1ac85,
11e8b1c9-e4c4-437c-baa1-1019d4ad3c0d,
11e9a762-f214-48c5-8f56-ebc96607cf70,
11e9e19a-611e-4e9d-9ab6-04ba563c5916,
11ea306d-5547-42cb-aa25-a02f151fe5ac,0.565836 94.42 184.70 248.49 550.91
11ec9b28-f8cb-4954-8701-32ca9356310e,
11efea2c-2129-432f-8478-7877d3b5952d,
11f3fd57-b8c5-4345-8a32-d30b3316bf40,
11f711fb-d27e-49fe-b028-c98e3a4814e9,
11fc3649-c448-488a-8bf2-412ef14971d4,
1201ab83-0037-4d57-acee-2b46d51286b8,
120a451e-4b61-45e2-b417-cde8bab08d7e,0.484931 590.86 173.44 264.15 601.03 0.463207 235.31 170.06 241.77 579.27
12139f3f-8b65-4307-937a-bbb105408e82,
1213e7da-85a7-4407-96be-3852195cbf0a,0.541532 214.33 242.24 279.60 590.56 0.540618 649.53 354.96 247.74 558.40 0.460588 216.94 471.01 237.11 330.59
1214d5d3-879d-4002-895f-413b03be4289,0.565543 149.52 368.57 261.29 533.74 0.523064 553.10 433.86 265.53 384.20 0.444701 169.09 406.52 221.91 312.73
121711ca-e10e-495a-90e1-296b643f48e9,
121df7c8-b968-4a56-847f-063915515223,
12228fee-ec17-4d76-945d-cb7fc0e9c3c5,0.643604 195.51 400.42 239.56 351.61 0.572416 615.68 346.09 273.27 546.29
1225df58-5bdb-4dfb-bf61-9eeae31ac7c0,
1227e8ba-2415-4463-864d-6a0fe8941bc4,0.472551 229.72 639.37 189.68 174.03
1239f15a-2c58-4c73-bcf9-f190c28b5520,
123db563-c75b-4670-829b-11a29ff24617,
12454b82-2e64-483c-946c-c5abdbe8b6e1,
1248dd39-a0bf-4926-8636-86740b194a4a,0.441138 633.03 487.12 233.79 219.24
1248f215-6948-4e7d-a320-13f50ca31f23,
124cea62-1b6c-445b-b34c-99e6979d0316,
124d7c34-d9f3-4c96-b20d-467f9f291926,
12529311-6e33-42f7-a76a-c3b05a7260ff,0.496973 230.64 483.36 197.64 163.97 0.409335 647.76 495.70 189.70 161.11
12564587-f259-4659-8aac-2c5cd7e48a89,
1257b585-ec7b-4970-bee7-8a565f93e1e3,0.472783 521.10 510.58 239.60 331.66
1257b878-e99c-42ff-a4cb-137a369afa8f,
125917b3-7c5c-4d83-b6e5-6ca2fc79f5a0,0.508048 189.29 284.29 208.63 288.82 0.503758 198.57 386.26 163.74 166.20 0.474329 535.64 191.21 237.32 478.91
125f413a-7779-4838-9cb7-9efe81270b01,
1263a9b3-0492-402e-a152-42a024955a68,0.473958 651.93 253.48 270.02 601.50 0.440268 228.67 263.98 261.87 522.75
12659873-934f-4fa0-b1cd-1ca664ff536d,0.576482 187.82 375.58 232.16 313.50
126a05e4-2be6-464f-8f6b-dc1a4e4b1103,
126d14a0-995c-4e32-ba29-121c7ba2672c,
126d9f1a-7dfe-4616-a917-57499b15d9bf,
126dfeaa-4a0b-4416-9ef3-4aa9342fb464,0.592927 571.68 131.51 313.01 808.05 0.503832 185.24 157.68 280.77 672.57 0.438454 181.58 564.43 218.46 254.99
1270a024-bebe-4b8f-8702-f029f51d532e,0.543578 132.08 434.83 209.38 239.74 0.519042 554.89 386.01 213.36 297.01
1276733d-ebf1-48c2-b923-1b1504b08f1d,
1277f37b-d591-48ad-8d7d-fcf85c5cf40f,
127927b9-3b70-41dc-b366-ac41d2ba0420,0.668090 587.02 270.36 268.40 602.42 0.642706 180.94 217.23 292.46 603.79 0.462492 627.77 408.83 206.55 390.08
127bb3ff-0c96-4c4a-9658-918ae798ee7b,
12848ba9-abb4-47cd-8168-469d5455e9e5,0.429519 279.76 462.97 203.72 264.36 0.414522 575.94 352.47 226.29 351.02
1285111b-557d-4f58-85d3-7a1425c7602e,0.616470 509.65 202.26 232.22 541.89 0.612923 183.14 277.63 203.29 348.58
128b0c29-842f-4eaa-bdd3-b36102d2062c,
1290a3a2-1908-4aa4-9ec9-60eb79efac1e,0.453341 136.28 509.66 243.13 331.80
12934bb0-bf43-4ba0-ab27-718c338f2c63,
129459d4-fbde-469b-b038-6f5fd9ab05e2,
12986940-5cf4-43b9-8506-8046abc4599e,
129c5c38-17a8-4318-b118-a0e3232da1d5,0.538706 671.52 128.95 256.61 503.43 0.524231 274.91 87.93 256.76 536.90
129cc66d-d78f-4122-a439-933268ea5c00,
12a58875-1f8e-421a-a74f-510991390b39,
12ab7f52-d26f-4a18-8004-06fbb1741f7b,
12abc170-f1fe-45d3-b574-2f4d030e40cd,
12ae8142-dee0-4385-a869-859b3e5d77a2,
12aebd0f-4ff9-41d0-8e99-00dd3cb8911d,
12afd2de-39ff-482c-ac4d-a2456e9a0c0f,0.588084 83.82 257.18 213.71 389.31
12b35131-8b22-4d87-9c36-ecf05e265952,
12b438e7-689e-4f9a-b4d7-9e95ff3db2f1,
12b9bab6-2905-4567-a9ef-235f5bd2f08e,
12bc1490-aec0-4825-9ff2-3f1ad9e873c3,
12bc974e-550d-4ce2-84bd-467733c8f388,
12bceb5e-333a-4119-9bf9-e3ef59ead596,
12c1a551-d9f9-488e-9454-125b469899d9,0.500850 200.41 487.48 202.23 333.63 0.445639 561.49 573.06 198.33 265.53
12c380a9-97e9-475d-9e67-49e416fd6c00,0.528138 293.44 105.68 238.41 498.79 0.450678 643.65 127.92 274.89 533.82
12c4c9a8-99c7-46b4-a738-2fa2b7027180,
12c940f0-3238-452f-a653-f8bbdbc4670e,
12d00691-389c-42bd-a945-62fdc69edb2f,
12d17a68-14af-4b15-8b8c-10dd13630f2b,0.555533 628.37 325.16 221.33 338.52 0.439340 226.95 291.24 227.80 320.51
12d54b89-35a7-499b-b505-6ce039fbc82a,0.412772 503.56 105.62 328.99 682.14
12d70948-c153-45bd-9942-e6cc07d54d07,0.441988 149.22 511.59 261.21 239.33
12d84104-ce46-484e-9440-70f51b908923,
12e4ed21-07e3-471c-9b2d-e71b128d3fde,
12e74970-6a35-4aa1-be83-dd198f15e68a,
12e96e90-f62c-4b4e-8c3e-2680d75a5afe,0.432114 182.28 492.81 240.94 300.10
12f064d8-50d3-4e57-9960-88b720ea8638,
12f430d2-d15c-4191-be63-5dfc4df179ed,0.423441 249.97 422.15 241.89 510.01 0.414900 268.95 661.89 201.03 272.50
12f50cdb-7dca-4ef1-9f75-d36c540ea830,
12fd215b-2803-4ceb-b4ef-0a87e0367195,
13038f21-5a9c-4c77-848e-0cea101a1079,0.478914 578.72 434.93 262.90 294.41
13060344-a70e-478a-8754-378e72ba00c3,
1307e549-4650-408e-b731-9a8b07b8087d,
1307fbf9-4930-4087-83d0-fa703b22b114,0.451698 92.23 128.36 292.82 528.56 0.441917 649.01 135.90 328.04 594.75 0.408433 123.21 168.96 230.50 320.30
130a294d-b0ce-4602-a863-60720c12aa00,
130ad3bd-a55a-4d69-948c-2bff580e9683,0.585297 144.48 356.96 198.80 166.83
130ecb79-9e58-462a-9bb8-c3ebeeade06a,
131224d5-2c75-4cf6-aeda-b2dce902291a,0.566188 601.36 309.69 234.68 557.59 0.553400 290.72 363.66 210.24 397.44
131579a7-8290-4940-af1b-60933c40e0d9,
131d0246-5f29-49a9-918a-d4f545500e38,
131e619a-f15c-4c89-97fe-64c484e17834,
131f718e-66b8-4094-a0fa-d34795732239,
1320b620-85f7-41b2-9dc7-38009839ca19,
13213d41-f74c-4806-a6b0-1703893e5a80,0.486765 394.71 420.27 134.17 118.41 0.453157 687.12 399.33 227.33 248.00
1321fbe3-c31e-4c0e-bac8-73afbb04230a,0.547447 502.70 356.65 178.11 313.43
13233462-867a-425a-9857-636482a85e07,
13264410-8b62-4fc3-8e95-eb0088863a24,
1328d56a-5b37-41b2-bc1b-a6c90989c642,
1329a445-b597-4565-bce3-3af1e5866df2,0.450338 211.90 400.16 268.95 578.27
132d011d-f83a-45ac-853b-a2c6d169d6f2,
132e730c-0773-4adf-bd29-572c1298d699,0.420683 630.31 401.86 257.19 247.22 0.403281 299.61 343.17 187.13 277.54
1337e45e-cdf2-4950-a82f-6361c62dc78c,
1337f120-9eae-42bb-a531-3162ea0226a6,0.432839 562.42 348.83 263.33 265.54
133b12ec-d8af-48d6-8c4d-4cf3e92eabb5,
133d3fcb-f893-430a-9ee0-07a720e4b19e,
133f1124-15d1-406f-aa63-2975f8a3cb90,
1341ac17-b441-47ce-b396-65491fcc6e07,
1342a8a2-ca78-4f73-93f1-01c07b298c8c,
13455fde-0e70-408a-a177-8acf2dfd1966,0.560716 610.48 270.50 227.74 286.22 0.401069 183.86 152.92 254.86 531.21
134579da-ee59-40a1-a6c1-3d84b9dbbd31,0.583010 284.72 358.42 233.75 350.75 0.538437 663.57 295.51 247.21 502.76
13467426-284b-443d-a3d8-8ae4fdb26b0a,0.425975 581.40 459.26 267.79 294.37
1346adba-99b1-4880-bc3f-8d6e9aabe814,
134cd460-818b-4ea3-9861-0bdc82b1226c,
134db8e4-e78a-41a8-8d62-ba2414e3d63b,0.459334 552.32 480.21 156.69 127.70
134f9eac-3a92-4e07-9aca-b4585e384c19,
1353128c-6689-4ae7-9d97-167741984ebc,0.505372 327.11 251.26 208.20 388.67
13584fbe-6565-4aea-ba4e-3336996dc946,
135a0985-d0f1-4c94-af72-f11e18c30bd5,0.605072 376.70 226.15 199.73 383.67 0.554506 680.68 279.49 187.53 331.69 0.415288 689.20 384.33 152.23 202.41
136443f0-a25b-4dae-8660-78dd06c5f8db,0.622469 733.63 369.86 166.25 174.50
13659019-299a-47bc-ac85-25500b625fde,0.641983 238.85 222.26 278.18 593.39 0.597840 633.72 227.63 278.13 587.02
1368a45a-8fdf-4ae1-9d41-323dc06810ca,
13690e09-b664-432d-9e24-98f8c724c145,
1369f719-69c9-40d8-9ce5-a54a3773cdfa,
136a0515-1b82-4854-b28f-68c574877bf8,
136a7586-db1b-427d-b375-573b2c602424,0.518026 667.58 369.20 201.31 352.33 0.493160 289.39 609.21 150.28 137.69 0.411401 282.59 298.86 241.68 515.31
136d904b-6dd5-4ef1-a504-a196dfbf73c3,
136f5ca3-1bed-4461-a73d-62e6fe7a6eba,
136f6abf-1300-4b93-9b5f-9dd7770f4c97,0.583292 631.53 434.82 265.12 264.46 0.558113 211.87 388.49 251.40 257.09
136feda3-a969-4a76-ac47-9e72a43a1af7,
13710b43-74f1-4c65-bc26-8163c363dc3d,0.574026 191.45 446.13 253.95 276.70 0.407404 621.38 462.53 257.72 262.52
1371ec53-f3c3-4c63-8982-cb5a118c6448,
137230a8-93d3-4779-9223-604bdc13c093,0.486514 165.15 326.95 209.17 262.48
1376ccfc-b223-4a54-b682-6fade7355657,0.462373 620.50 281.80 195.84 359.46 0.455574 222.41 216.33 231.70 512.42
13780fd9-39d8-4758-81cb-2e05c4cbd91e,0.632015 530.00 147.77 295.19 727.34 0.598828 80.59 192.83 304.09 659.83 0.414376 100.87 417.33 230.80 355.29
13783bf0-0c87-4434-a063-662b1a15d428,0.554272 582.38 474.93 217.48 265.34
1378e3e1-496c-47bd-a79e-787ba14b56f1,
1378f79c-6ea0-41e9-98a9-1b15c2c54a7d,
13798bd2-64cb-450a-94f2-a4d1134f66a9,
138273ef-6107-48a6-ac8c-dd71a725b45b,
1382da13-c9ae-49a3-8919-2ae412553fa7,
1382ef46-6101-4abf-9a4f-ad02c58edc39,
1384372f-0acc-4216-81b4-9acad2562301,
138ccb35-b073-4f73-9e53-9b4f1f463e9c,
138e2c27-17d0-4a32-9ceb-ee3401c12613,0.497016 221.91 347.78 200.79 300.75 0.478409 524.89 383.07 206.57 245.82
138ff8b1-a35f-4187-a76b-3eaa01407591,
139086b8-d4bf-4ee5-8027-cb405da2c2ab,
139175e9-b5b9-4dc4-8043-eba3e528af2e,
1392fd6b-b17b-4dba-b70a-c9543f9c8105,
13951087-5cda-44c7-9624-037c3ae8404f,
139b2baa-9c95-4ec9-8d91-1642144834d6,
139bd334-c207-415c-9fbb-7e597d559c5e,0.610923 152.19 363.46 243.44 405.15 0.588481 557.84 391.15 223.66 369.13
13a2bd8e-dc09-4a5b-9e2b-40f67b284d69,
13a34765-bc0c-408f-a76f-46f07cd08009,
13a5786c-a5fa-4626-9dff-bb552b82bccd,
13a59fcc-de55-4502-b27d-82d3204d8a4c,
13a84b9d-6351-4424-b19c-c745ef755dd2,0.423553 600.20 345.95 197.99 340.83
13aad543-dcc2-4083-bcc6-60a2bfe5c9fb,
13b56d83-b11e-4bf3-82c6-794e870a722f,
13b640cc-e353-4d28-9ff7-a33bc7836eef,
13b69932-7587-4c4d-b2d9-67d87f2767e9,0.405717 588.90 386.32 272.76 181.74
13b9ae14-0b10-4323-aa31-b6c0b4f5e497,
13bd80c3-a3a0-4a2a-83c2-4b298a1f47a0,
13be9ccd-fa89-4c43-84b0-069b1eba6c28,0.643789 264.96 286.49 205.79 330.18 0.416258 272.32 386.08 163.57 193.83
13c01189-82f2-4567-98c5-f0fb9ac3c80d,
13c11aab-df3f-429d-bf96-2051c7c74320,0.544245 497.68 256.50 223.43 549.67 0.518601 516.43 464.13 196.14 293.30 0.477497 132.06 188.16 254.50 560.54
13c1a2fb-dbca-450e-a488-9b48a824889b,0.597144 615.78 183.17 240.88 551.68 0.506210 253.13 136.97 242.09 537.13
13c66d0d-32ab-4a06-8c35-5abd5d1e4bd1,
13c6a303-2c21-4edf-9dca-4999dafe8a4e,
13c7e896-0bae-43eb-8e9a-f498e3defff4,
13cd4766-358d-403a-9b39-d9909e79f78a,
13d09f58-c52d-47bd-bfdc-c72321fdeb3d,
13da3cfc-5052-486f-81e8-0aec722a0759,
13da7928-b24e-412f-8ac5-893da3435df8,0.419983 576.75 258.25 199.41 417.44
13dca3d3-01e7-4ffd-a9ab-66884a07309d,
13e0c176-e18b-435a-983b-f81e763837e6,
13e17582-bd0c-41e4-afd7-af95d6c1a29e,
13e4e6e6-faa2-4bbc-8e1e-610623de994e,
13e8639e-ef45-48eb-a24b-6c32d3517e29,
13ece116-aee5-48ab-abce-71b194f1a5cc,
13efb148-31c8-409f-9230-798f5825155e,
13f6df4f-9b1c-4d25-ba93-f45df7f0e4f6,
13f76876-328a-4b88-ac58-a3c1fe15b3b2,0.486966 181.05 480.63 266.56 343.53
13f82041-abac-406f-a1e2-376df42755f4,0.433270 211.17 561.08 178.60 157.68
13f88b38-b66b-41d3-8d62-d4a2a72c76bb,0.499607 537.92 205.03 243.46 524.05 0.494295 155.73 185.48 249.39 511.68
13fcd1dd-4314-4c91-be62-292a1695b8ef,
1401804c-24d2-4259-b008-fae5525d9b83,0.469217 195.59 553.39 279.40 210.65 0.451514 593.88 594.14 243.09 245.19
1401bb3e-566f-4407-a1ee-7ca6db789ae4,
1407f44f-f5b0-4f3d-89f6-7f77023b5114,
140e2cbb-3fc3-4a5d-830d-1709d1745efe,
140ebc5d-5a15-4948-b698-0a4b32d12a93,
1410b58f-f5df-40e2-a0c5-09c53760006c,
14138a9d-0919-465d-9030-948442b4f81f,0.591478 313.95 281.86 168.25 277.89 0.501669 556.14 312.37 176.30 278.88 0.459543 328.32 364.98 130.02 174.15 0.444515 566.30 400.82 143.46 165.35
1418022a-f4d2-4a07-a39a-3143d0c2bb7e,0.494195 140.35 390.29 254.62 237.52
141fe03a-61be-4ada-b0d3-8699f729d2ec,
142126cc-d94d-4df6-85bc-a980c18013b3,
1424cff0-1e19-457c-9f48-0237ca60941d,
14291892-506f-4f4d-8dca-57f456d2ba57,
1429fe63-8d51-4017-9d9b-c7030da74621,
142ecc70-d000-4629-9814-2a4fd0627d32,0.580774 231.79 558.94 210.40 299.20
143cc465-80b8-484c-ba71-ad362ea8fd90,
143e47f2-3d11-44a6-a9eb-b0aaf291db55,0.519520 576.55 276.70 209.51 351.80
14408cea-bb8c-42af-9478-e0e6e54dee3b,
14411c90-6935-403e-9191-ae1c51abee67,
14474c25-eacd-492b-bd75-6a68dceb208d,0.476425 93.95 446.33 313.22 276.19
1448e8b5-3a0b-49db-8ca5-28470a6a6c99,
144b6550-ebe7-4241-a467-932d53e8f9b8,0.439588 265.39 476.52 209.29 293.60
144fcb63-98e1-47a0-939f-2a4b1bf9ac07,
1450d78f-57d5-4c56-8ca9-a2147258862b,
145fe573-db6c-4b16-bbd6-9b34f2ce4c1c,
14615182-db79-42e7-9b05-3d65cea33d18,
146d5e30-763e-418b-bb48-03c3348d9685,
1470e7f7-1d45-42c5-a81b-18fb9e8a7af2,
1471470c-9ec3-4b3b-adb9-dbaab18db5cb,
1473b871-b12f-4d58-a957-ea9f9f6d0c87,0.526043 577.46 397.96 240.15 293.08 0.457792 618.32 429.95 182.83 184.17
147d5400-179d-4473-b823-77e4be688b59,0.473356 660.91 139.34 251.61 375.40 0.442361 255.24 170.99 217.63 301.31
147ebca4-2d12-448c-871d-8c16f922b6b1,
148243ba-ad33-454e-b7e9-a63f66affc8c,0.566349 166.07 362.36 283.44 570.13 0.527018 601.93 294.24 286.88 538.87 0.475762 196.37 487.57 220.33 352.68 0.405796 623.08 441.19 234.77 318.16
1482acb5-2d2d-48e7-a953-4f1cd72fd37a,
14856277-5e29-4ee1-9b7c-261802d28b0a,
148f4436-e979-47a6-83a9-3a48325718c4,
149c1b80-e02e-4d04-b2ff-7b4fdf43f9d9,0.447447 229.89 497.88 149.34 116.24
149e0d38-8887-43d8-97e4-f38f72353350,
14a5a858-39e6-47b2-b0ed-35023536b3ff,
14aac35d-3205-4861-8bc5-eb37d90f8298,0.453330 218.98 408.99 230.87 398.16
14ae73b5-7ebb-45d9-b345-b2f4370894e6,0.414312 507.10 222.66 231.83 549.83
14af3bf7-619a-4244-aca1-4bb510fda544,0.585123 653.34 139.64 245.18 596.75 0.563822 243.78 414.61 239.20 244.27 0.443909 238.38 187.00 271.18 490.17
14b00645-a0f7-4ac2-95c0-e3ec119d4183,
14b22d6c-7cb3-4331-bdfe-b67a20a623d4,
14b51a44-118d-42ac-91f8-f072f3eacc7b,
14b6cb8d-0002-4f38-a5b7-7631b56e67df,
14b8f48d-f637-47dc-8d93-5ffb65ca2e18,
14b928b3-09aa-49b1-9323-2a582684eb6f,
14ba4cea-0fd8-40a9-aa01-4e6c05da9fa5,
14be3838-e1d9-4238-a1c2-55a5030fda41,0.533989 653.27 289.33 264.88 601.57
14c691a4-e50b-4780-8511-a45510f5d6e7,0.603608 236.69 296.53 196.12 370.40 0.556047 541.31 244.17 221.87 507.21
14c7278a-a769-4dac-be18-69550e8c3d88,
14cf8563-6ed2-4458-8659-cd2618a74f7e,0.644706 606.46 211.02 292.61 660.80 0.630456 190.11 197.99 297.94 705.14
14d24e04-ff6e-458c-b26d-9c87f5789a60,0.511454 716.88 383.37 233.31 371.70 0.493715 248.99 238.33 272.77 525.47
14d4b142-29d6-4656-ab1d-17b84816b2c6,0.561775 214.61 183.29 191.64 157.10
14dab443-4e8a-40cb-8992-90b2d593be11,
14e27811-f26a-4e21-a82b-1a5944aeb6bc,
14e3ed14-3efe-4de9-8c95-46824591482a,
14f1931f-2fbd-469f-9187-5423ac0ed109,
14f199ad-e0d2-4360-a186-5aaaa652f3c7,
14f7d431-f66f-4098-a9e3-b94d84e9a5cf,
14fbeb03-cd8b-4d53-bb2a-40e08aced390,0.489798 244.76 406.34 213.12 241.12
1503ef72-d4a4-44c0-83c8-d35f449fe53a,
150edfae-719c-4c35-8947-b226130bd3e8,
1510b788-b081-4600-8d76-d9cb55590edd,0.576231 631.20 380.77 239.21 272.79 0.446015 262.97 349.07 226.92 278.39
1513dc09-fc73-485f-8f71-4f2c69e15421,
151981ef-d9d0-42d6-9b33-e9cd33c07ed8,0.505287 107.88 323.18 279.41 564.23
151ab287-f641-4c96-b7e6-628bccf84c15,0.432125 705.47 533.75 266.45 278.59
15212951-d7a3-4332-8fc9-51ef843a6ade,0.492170 274.65 515.52 161.01 169.54
15250795-72a1-49dd-be26-1c6211ab8d6c,0.593743 585.54 297.98 213.95 394.60 0.572528 217.12 318.46 217.34 350.00
1530d383-a296-4ad7-bc85-3ccc145e9774,0.448611 222.85 379.51 234.15 234.59
153222cd-6029-4b8b-9171-5d85e0e9bb46,
1532c43a-028c-4d77-9cb0-f9d103988e7b,
15350598-5268-44f4-8cc8-678d1e0850d4,
1539e414-553f-48c1-9ce4-7c452176e1e1,0.497401 623.11 470.89 216.55 367.80
153d9186-5292-438b-94ca-ab9a8134f4d0,
1540ef53-d234-4110-9db9-c9cc21cf7010,
1542f9fd-6ede-4b6d-9c6c-b7007eeb1974,0.549244 193.82 571.81 225.17 230.67 0.478737 595.44 506.19 212.59 285.56 0.439062 629.65 571.01 168.68 178.96 0.417795 578.38 236.60 245.21 554.62
15443e86-b8c9-4fd2-81f2-390a6a0fffa4,
19a439ff-6521-4bea-9179-dccef727f918,
19a5ece9-1ccc-4b3a-a71b-9de3fdb284e0,0.425699 131.33 346.55 197.25 150.07
19a63d01-51b2-4b32-8cc6-312bd59db840,
19aa3f9d-9660-4063-b67c-8c08934046a0,
19b00444-7cea-4504-a557-bd207e023377,
19b22865-0027-46b4-a8c6-232a7a1ee91c,0.518905 183.01 249.73 231.41 254.83
19b28521-51a6-4fce-9bf6-1692b1e561de,
19b7fa0a-5d7e-488c-8431-7872f838ae74,
19b8517b-24e4-457b-96c0-a457e30125bb,0.403795 232.91 380.36 212.95 311.26
19bea256-f86f-4f13-a0ca-c5cf45b62404,
19c0c43e-a9f5-463d-a3f0-d392d8b8ef32,
19c30ace-ee4a-4fb1-a067-a8548428996f,0.433776 222.60 415.69 202.14 233.71
19c61430-be79-4a2b-a888-23f7ef47e5f2,
19c92c92-9605-49f7-9793-acae3dbc713d,
19d0aa49-43bd-40ae-a66b-0832b9aa84a0,
19d2d151-2a5f-4e1b-9666-56a4e51ce95a,
19d5680e-aca6-4a97-9e07-2302a66e969f,0.451081 200.83 139.01 263.41 186.71
19d56d5e-5de5-4daf-9c05-5d677e9938a4,
19d5f84e-17fc-482b-8bc9-8d35c6fd3f57,0.544344 238.72 326.76 204.61 304.61
19d67232-2d92-4486-b9bb-f8355f5d2a74,0.477829 601.37 319.27 138.74 186.86
19d7920b-2539-4655-8079-ea6e4fb05c4b,
19d85ca1-c8e8-4638-943c-321b5116b01c,0.453446 622.03 146.88 297.79 558.34 0.407901 668.29 310.98 239.86 344.10
19da409c-2666-4b0c-b088-061f81ffedc8,
19dbd4e3-db2f-4b33-b3db-96a3d993e5f9,
19dc5cde-ea71-477b-8ab6-048a428c6a82,0.417623 535.38 438.86 228.90 292.49
19deb1ca-cc39-47cd-8a26-762cc5fbeff2,
19e0fa45-d4a3-4112-a45d-6052bfd007f7,
19e2549b-6ff0-498e-98a1-115e87b900a9,
19e5705f-c4d6-4516-8ee9-0e385e1bdd75,0.489246 570.48 200.74 260.17 603.73 0.460816 125.00 29.13 319.58 736.36 0.425594 602.01 247.14 193.86 359.03
19e60907-948c-4a82-9a18-4c45440723ad,
19e76f7c-b673-4b33-a385-49f0bb8e4558,
19ea225e-684f-494a-aaf0-acdb2d618aa3,0.595484 241.85 152.86 213.82 373.46 0.539344 610.99 131.11 216.70 486.07
19ec8e70-0d6e-4912-930a-d16c280decec,0.547259 253.41 228.69 231.43 530.15 0.496350 631.03 438.83 181.81 314.78 0.407677 656.39 539.01 149.64 187.28
19f38ee2-4eff-4302-8b9a-60ec1b002ea4,0.462894 600.02 471.13 139.86 167.11
19f44b85-fe93-4489-a98b-1aa375b3923f,0.531144 523.69 431.01 184.91 362.35 0.453094 289.01 439.58 162.49 324.62
19fa0788-1b88-417c-b49e-a290b66ad5df,0.522966 105.00 377.00 227.68 256.88
19fb178c-3ca7-4a72-bef9-8ba442535dff,
19fb3e16-4ec8-4149-ada4-8ce5d79f41b0,
19fb7d5e-8ed4-4746-aac7-008b0b8ea700,
19fbbcf0-fdc2-4ebd-a921-4bde43188051,0.498404 196.42 314.88 216.64 353.64 0.415222 586.15 302.46 241.08 497.45
19fe1b8d-e93e-4810-b8cb-19c59141c90c,
1a0203a7-b56f-40bf-9cce-cba5163eb737,
1a0309e4-762b-4b64-9e2c-0f16dc4d5381,
1a08b9a7-5254-491c-835b-ad3121765eda,0.420297 656.35 394.41 178.22 140.30
1a0a8e16-16fe-4940-83cd-2917f5706b7c,
1a0ca228-5501-49f8-85e6-c5e66ecd2d74,
1a0f4b00-5083-4a0c-a1e2-89e27468c9db,
1a116cc4-dbdc-4f15-b5b4-9fd96c17392e,
1a27e565-b0f5-4419-84b3-744712cb705d,0.471816 569.74 357.30 250.28 570.93 0.426248 213.54 686.62 217.65 271.89
1a2b25c6-2334-4a4f-b038-44e48caf4512,
1a322302-f652-4697-b332-626c59333d51,0.406478 237.79 556.12 161.77 164.19
1a33c6eb-c153-4f8d-8742-2184f9860ac2,
1a37de22-589c-4773-b97d-8334a2d674c4,
1a3aa658-dba4-40c7-a669-15c40ebc06f5,0.634420 269.94 272.37 257.21 546.55 0.545670 643.25 177.51 244.82 355.87
1a3e7d64-adbc-4c49-abbe-3f871f3c557a,0.592860 240.33 241.51 273.57 593.98
1a4491fa-a9d9-4b89-8f90-1c84fc8d9642,
1a4926e2-9d99-426e-a799-c8002ef2ca79,
1a4d2d2f-34c8-42cb-a432-9c46bb7a8988,
1a570084-9422-4822-b831-efe75299e89c,
1a583cd3-23d3-4789-a24f-bc7ae6fde815,0.539602 301.72 305.86 213.15 309.50 0.462874 682.03 303.53 206.79 405.90
1a5a0811-72c0-46d3-a883-cf2d4fcf10ce,
1a5eef1c-c817-4c73-9e8b-d75eae0e4c0a,0.538129 631.62 269.21 283.22 592.30 0.500151 664.26 456.62 224.48 363.14 0.466500 185.96 497.76 219.48 327.31 0.446557 165.90 300.55 271.56 563.58
1a60be9b-3772-4533-a9e4-a714669e76a2,
1a6143c0-f2ea-4858-9983-87fb497307ed,0.531661 550.19 291.18 282.19 681.71 0.472785 157.21 261.52 266.66 618.87
1a61de89-b9f8-4771-ba89-d1de64d5a036,0.565414 323.86 264.11 157.61 166.35
1a64a0e8-b87d-47bc-b7b7-3d18cc06d0b0,
1a65e7f7-d13e-4dda-b680-be66a4db6a2a,0.637492 586.89 460.56 216.65 351.36 0.612510 135.75 242.95 271.88 641.33 0.522688 551.81 248.86 271.74 604.22 0.430518 149.20 469.45 218.15 368.27
1a664216-c58a-4405-bb4b-7177d919e53d,
1a671ef0-eac2-4166-9ddb-4a4312b9cc77,
1a6741c4-d9b2-42d8-a442-002e60565e1e,
1a6d0d55-8031-4e17-8c1c-d2023eb0a99e,
1a6f960a-9339-44d7-b182-475c699beaf7,
1a70a918-bcde-4eca-806f-d875867a1a01,
1a75516e-b987-480d-b4df-61505f384506,
1a8fe30a-52d3-4b93-86c4-3641493ada13,0.492500 225.41 478.93 178.60 133.12
1a90ed6e-a6ab-4a9b-84a7-ac57e76fad42,
1a91292f-35b9-44cc-93c7-fbab142c5a4a,
1a926cbe-1654-43dd-949f-47bd7ca95bb1,
1a941593-8eb0-41dd-9763-da1a1c874196,0.450873 563.82 261.45 243.49 479.95
1a960408-21c0-4b5f-a093-2ea4a94a2258,
1a966ab3-4029-4cd3-aa38-70a2f5f8e6ca,0.582661 180.51 495.79 214.84 310.46 0.443313 607.72 406.70 240.87 390.04
1aa20b52-2de4-4e86-a724-81c777afe247,0.495034 713.77 493.85 215.56 312.19
1aa7e767-f038-4a3d-bfca-6f442941ff92,
1aac71f9-fc15-4a9c-9b0f-b432f79ab2ef,0.429675 603.73 476.90 212.68 362.57
1aaf98cd-8311-48b2-831d-02e2dda16252,
1ab2d197-9431-4eef-869c-8cb8e41659dc,0.512005 225.45 426.31 247.14 390.04 0.460985 644.93 428.95 242.61 317.92
1ab5988b-9234-4219-b416-bad02bc5e338,
1ab65755-a55a-4971-b491-ac5ded038ab9,0.427065 218.28 585.87 147.54 163.98
1ab6ee02-cfaa-4d30-b341-6bea4d295901,
1ab7a206-d635-4e05-99c0-8ffee0ed4e7a,
1ab83e92-01b3-420b-990a-b11ba740121e,
1ac04f0b-2f0d-4179-bcc9-04bcd6ed8f76,0.541198 183.22 259.01 292.28 660.54 0.520308 659.21 326.62 281.97 611.33 0.482913 686.53 542.72 228.23 336.82 0.443341 206.77 538.76 218.93 328.58
1ac0fb27-1555-425b-94fd-8d2eb20ac692,
1ac1dc25-bf30-45be-9705-b983eb92974d,0.567143 181.58 453.94 251.53 210.43 0.470572 182.68 493.53 175.58 146.91
1ac5308e-f3a9-4e70-a224-7d8ef50ae82c,0.643628 144.62 305.73 288.15 659.89 0.601188 580.96 305.21 273.00 629.81 0.422958 609.22 336.32 204.37 347.95
1ac5642f-fbcd-45a2-863c-bccd1090b6fb,
1ad0b486-8d69-4573-9303-f0f7452676b3,
1ad5385c-07a9-4f5d-aaad-83774ec96692,
1ad54a1a-4a7d-4f0c-aa33-346082668275,
1ad5f416-0e7e-4f08-9e8d-abd19bbe25f5,0.442557 627.49 549.55 225.89 247.16 0.431759 267.56 308.70 238.92 554.16 0.422132 605.18 310.85 253.19 528.88
1ad688bf-adab-4e1b-9144-1f456b896726,
1ad85dcd-d179-4e98-b9b8-a44d8d10165b,
1ad8c258-ed54-4a71-b6a1-4c8a94421093,0.432354 602.58 294.11 235.79 401.15
1ae254ef-7792-4193-8092-d2d3bf161424,
1ae4aec3-f102-47a2-94a3-a59503f450f7,0.567438 209.28 347.97 266.22 245.03
1ae5df43-18cd-4f4e-a6a8-f6b6be9eebba,0.455420 511.07 478.29 229.45 311.13
1ae8be61-41d5-4197-b733-21701ec45a6f,0.472760 147.58 194.34 247.91 548.43 0.433975 505.11 264.33 225.39 521.39
1aed4057-fb5d-474e-a41c-65c4129039bf,
1aee50dd-0361-46b7-ab70-6011e7c6c5e4,0.503455 600.38 465.05 248.22 363.23 0.499802 149.31 339.62 273.51 550.39 0.414076 155.44 527.97 221.82 328.51
1aeeb847-2843-4d5b-bce4-663a4184a71b,
1aefa92d-c179-4ced-8006-0df6892abf17,
1af923fe-35a2-4dc5-8bc7-bfc260258958,
1af976ad-7945-47e1-85fc-de29898ea31e,
1afa2510-edc7-4ecc-ae32-743403295afe,
1afc2a45-89e9-416f-95f1-90268d99af99,
1afcf486-18db-4ffb-93e4-3a3d6a943110,
1afe8c37-3a72-43c5-b800-4ad5d3051df0,0.523231 602.88 363.89 130.82 152.49
1aff3b6e-27a7-480a-a8bd-3dc13a84a4b7,
1b00dd0c-96b1-4222-a67f-c2436cb0fd69,
1b011c9d-3bc6-42ad-94be-bd7afe0ec0bf,
1b039597-aeb2-4409-b39d-df8729c46c56,
1b044e43-4650-4d92-a439-dce95a2c1c88,
1b052bac-24c6-41f2-8907-6c4788aa1e18,
1b06bd36-85c7-4495-b0a8-a9aacc29be17,
1b07d941-e451-4ec8-8c64-f9fa43d5203c,0.448880 296.89 476.07 189.28 348.10
1b095207-1f70-4e5a-87e5-23c8666f266b,
1b10797b-9f2e-443f-b279-da2c1d7c5801,0.456697 164.45 525.81 289.18 280.43
1b133040-808a-4a07-8640-d1f5245e8d3a,
1b134dac-2562-4ecd-872c-71c7c07e83f0,0.464802 275.24 274.80 245.61 552.65 0.457629 619.44 233.80 251.04 581.48
1b157958-b600-4aa7-98d6-f711a333d3f7,
1b177f55-4ed7-4886-99ac-7fca13c099a3,
1b1c866b-ef20-49f0-93ff-e377af896c5b,
1b1cd33e-9235-4e8d-a27d-3b7f44c74d22,
1b248d55-f15c-44ea-997f-47aeaa7adb91,0.409491 291.15 121.48 181.87 273.38 0.404209 219.38 318.45 247.90 527.78
1b2f6ff0-9b10-43e3-bd30-285529012ed7,
1b3a8b8f-927e-43c2-a0c2-b3f2a996a636,0.607825 565.92 156.90 243.47 363.35 0.519816 116.00 349.06 260.99 276.92
1b3a9b79-a622-4834-8989-affac9f77f8b,
1b406b6a-82d3-46c3-8016-b81fc5e555e3,
1b42362a-0fec-4327-a3ea-f11b6a05efff,0.463925 630.12 422.83 250.06 332.96 0.439163 264.53 396.39 230.89 361.72
1b435cbd-9ef2-4f8e-b2a0-39cad1fd1962,0.432170 603.57 433.23 230.83 305.20
1b4511a5-9af4-411e-aad9-f005d318cf66,
1b4555aa-bfe4-4bc5-aaee-8c4347d3cbb5,
1b4e5de2-dfbc-48ca-91cd-90bc723d1d3f,
1b4e6e92-25fe-4923-9d1d-c2b45d8cac72,
1b4fdc8e-82aa-4f1f-9ec9-6c8c33ea2228,0.419079 687.98 427.45 207.89 391.31
1b560be4-be73-4976-8d09-06f2dc181701,0.422997 204.70 609.98 160.53 166.76
1b5610f4-b3de-4184-a658-753de6e7c3cf,
1b56d152-91aa-46f2-81e6-15d0da86f93d,
1b57e19b-7d20-4bdc-892a-4ebc6c8fc67f,0.499881 620.44 214.92 212.72 339.32 0.466851 305.85 184.80 207.27 316.48
1b5d3109-5eb6-4190-aba0-f538f7980ae0,
1b5d4e8a-f205-473b-80b5-abe2ad83d715,
1b6095ed-ff63-4aad-92b4-9a9260678ac1,
1b6345c7-0d2c-4b43-b214-a5b43d69ac87,
1b64ab26-c9ab-44d2-9916-2ea92beb668b,
1b65bd85-e390-4b30-9f0e-f2f2a3d35710,
1b66ef47-b795-418f-bc18-1339bc980b8b,0.507547 290.21 574.33 165.85 172.94 0.471083 608.98 542.07 231.08 298.58
1b6d78f9-6714-4994-9e10-4d5c26a1328d,0.576727 231.69 130.29 210.27 345.52 0.572448 597.96 257.87 231.56 314.35
1b6e20c3-5ff6-4e86-8856-2f62539591b9,
1b6fd072-e92c-4d97-9277-5cfb4d1551b3,0.464589 293.85 227.61 229.00 360.61
1b7ce0fc-9efb-4960-a207-023bf6039352,
1b824b02-93a4-4656-9625-356752bf67a5,0.619840 588.01 366.57 281.20 606.53 0.540789 164.86 319.83 295.91 552.84 0.438445 184.94 504.44 238.16 315.01 0.434813 620.09 411.07 220.35 368.36
1b850106-5298-4cb7-a936-421c76585eaf,
1b8a53ef-bb2a-4325-9be9-4b8127d0a398,
1b8b82ad-d820-4400-96ae-6da8eb78e90f,
1b8d026f-3989-4cd6-a4c7-4ed8fb8887d0,0.502164 625.20 385.48 180.42 161.12
1b90407a-e937-47f8-8cf1-8f801733b78b,
1b92d9eb-97ec-4289-b4d4-b3383eb3d397,
1b99188f-0dac-47c5-b5e9-9588f6ac666c,
1b9bd672-e17b-413d-88ad-3abc090e5883,
1b9c8e5a-7c64-416a-ba87-fa424c3ad707,
1ba51181-8b66-457a-9cc5-e7895367e175,
1bae29b2-882c-4e01-ad61-104011c91450,
1bae405c-b6f0-4cc4-ab7a-e09362a7ec07,
1bae5ce0-3a82-4c56-9c6b-c9d601fb8308,
1bb5d37f-0f20-4b5a-b8c8-5663a1c1ff74,0.614195 603.17 603.19 158.46 173.23 0.530363 227.72 520.95 190.41 297.69
1bb7ca9c-c1ea-4054-93ee-44009e6cc119,0.545158 242.05 308.61 168.25 176.57
1bb8f56f-1f5c-4052-af68-4a7e0f814c0a,
1bbb0121-c443-4b31-990e-c2837fb6f120,
1bbd9bf6-9238-4399-9280-b8ce09fb40dc,
1bbfe45d-ebbe-4786-9cfd-463ca7578521,0.572490 316.85 466.58 132.72 148.45 0.524179 605.64 328.95 219.04 296.10 0.440096 636.38 399.83 174.06 179.07 0.426931 306.11 409.45 171.31 233.59
1bc7bf3e-8ced-447b-9569-a4c0370d8e4c,
1bc880df-959b-48b8-a7ef-4bfbcbf5952e,
1bcf1a2e-c010-41ca-a15f-c0e3aab1fe51,
1bcfac7c-1aff-4643-b0b0-627f5452bc4e,
1bdf99c5-f857-4f7f-bd32-3c75921b9799,0.539980 215.24 584.12 169.37 156.64
1be4b082-bf7c-4380-9650-e7c6bb7e6857,
1bebe474-0785-4c45-8546-8c3f9203ed17,
1bf11636-a3b7-46a3-b219-389ede8b09cc,
1bfc882d-8bb0-4032-820a-4c34e5790ad6,
1bfdab1f-e19d-495c-aaaf-f64872a99c5a,0.532732 596.45 471.16 282.51 286.54 0.409485 159.54 539.53 185.14 169.90
1c04333e-0911-447d-ac17-173ac4a27e9a,
1c055f61-16ca-4895-ad62-d6fc946c9061,0.550492 137.95 507.89 178.97 151.86
1c0714ff-9788-455c-91eb-3adabd5d0ca1,
1c0af194-eab2-4f27-9e00-03d7b9575ff6,0.565257 93.78 229.62 238.88 474.18 0.526296 474.33 322.91 207.88 382.47
1c0cee97-fb9c-4921-979f-e17a323f6d6f,
1c0e04f3-ddfe-49aa-9dc8-0f5dffe9132f,
1c11b14e-23df-419b-9a6b-e16372754c2f,
1c14f305-1d44-498b-8cf8-cb760ab6a633,
1c179dcc-e25c-4cde-890c-0f6d6de7dcb6,
1c232f78-6d19-4eb9-8dac-06ce1dabc638,
1c250181-32e8-4879-a115-978eb7285255,0.450377 577.47 483.75 223.78 246.47
1c2f6767-c979-4bf8-9905-bd219c7cde59,0.586330 190.82 369.40 167.57 210.18 0.527027 563.42 286.36 240.15 502.75
1c36091c-041b-4a57-b833-046c6eec605c,0.526448 552.34 362.84 225.89 364.67 0.485761 230.75 229.39 205.32 386.00
1c3ab9e3-7ac2-437d-bd23-6d46481937e0,
1c3c0726-8394-466f-a410-9e990b681fc4,
1c3c30e0-b03c-41a6-887f-61a845afa751,
1c3f2cc0-4c64-43bf-828f-8d52f7c5a442,
1c427bf7-abee-4c71-933c-488fffb53360,
1c48926e-0117-4c21-862a-3cb8312c68cc,
1c4b74c7-3a48-453f-8f79-2f58cdccedfa,
1c52a1c6-28c6-4e39-82c4-527dc29eeb05,
1c54a904-21a0-4cf0-8bcb-5446fb4f4c6c,0.404172 632.32 488.56 162.92 129.11
1c54b11d-abf4-491b-bfe4-2ace6abc5458,
1c5b8f7b-d76d-4a2c-ba14-42325e4e4a39,
1c605fd7-15d0-4589-9911-cdfb4531ae4e,
1c60eacd-d5c6-46b6-9038-3cd1f5a75e41,
1c62970d-e0df-4078-b95c-cd3a29fe0a05,
1c649fed-f0d1-448e-89cf-543708c35076,
1c682991-b914-4b6f-b592-9ff8dba1b6c6,
1c6cdd43-a38a-4464-b012-bc0eb9e73fd0,0.447992 233.01 343.31 228.47 363.24
1c6ce588-8dc1-471d-b464-6979d44d3ed6,0.611902 117.72 438.24 263.34 274.29 0.413478 121.98 470.66 186.88 191.39
1c7090f0-bb34-4fa8-8abb-978b0d8d3f84,
1c766749-0a34-431a-929b-06a3f0c6752d,0.591306 537.42 232.81 225.16 512.39 0.576169 170.16 169.56 244.30 490.97
1c76bdde-790d-4f3b-980d-b8877932ea02,
1c7a9efb-f38e-46e0-8f2e-f9ba05112ae8,
1c7dda21-aa7e-4db4-84b3-7a039779ce27,0.491508 240.05 388.28 279.79 225.68 0.468712 658.81 398.21 228.73 255.32 0.438010 701.78 417.04 169.46 151.73
1c806439-d6a9-40ff-a969-7f6cd116ac2d,0.587329 629.91 150.01 249.98 525.38 0.571363 222.58 204.48 253.77 324.34
1c816e73-2729-4c33-8f2b-54536c4402ee,
1c8a687a-d964-4e5d-8f30-55781771936e,
1c8b51ba-9258-4d8d-97a8-6d41d45d1a30,0.472888 622.63 486.86 230.67 252.71 0.418614 272.97 459.07 212.31 247.84
1c8c4f4f-d655-4e7a-810a-fca1d19c91c0,
1c8d5876-4253-4d03-ae2c-7809182b0ec6,0.608874 197.99 317.84 229.21 265.93 0.495966 559.52 295.52 221.77 529.34 0.411749 210.40 384.17 176.06 172.24
1c8ddf66-81c8-4696-a02d-fbe18c19f50e,
1c8e654a-1515-40d4-a0bd-790b24d8cd15,0.537655 256.52 112.36 199.67 287.44 0.507520 625.87 492.24 235.29 256.26 0.410693 598.25 244.72 274.95 514.82
1c99e57a-faaa-4ef4-a050-ead660c7e5ea,
1c9b45ed-17f2-485e-917c-76e29e5739d4,
1c9bb237-596f-44c5-b756-4bf50b1d170b,0.554640 150.44 445.78 161.89 147.27
1c9dd5d9-c943-4b9f-a885-a1f8f5da07d8,
1ca201cb-8252-4a1a-a574-1143f72fdaa7,0.590836 627.62 567.07 161.12 147.30
1ca9751a-bbbe-42aa-92b9-ab90d3ecca25,
1cad996a-c21c-46c8-aa09-95aa8220efa5,0.485355 246.02 610.86 220.78 249.03 0.443476 634.05 532.96 222.92 385.53
1caf8339-23e0-44b7-9cb6-3aad8fc602e5,0.481368 166.85 427.78 215.97 354.89 0.405540 537.52 246.16 223.30 534.58
1cb4057e-ef4b-4bec-af16-29073efee522,0.580062 221.33 245.75 216.80 388.98 0.428060 590.25 488.31 248.22 235.91
1cb7194e-f761-41b7-8e6f-d5abdbfb270c,
1cb71dda-47f2-44e0-ad42-2737ec3f43b6,
1cba8c35-1b13-45d4-a7dd-9ef2ba5b26df,0.526722 664.57 249.18 225.60 367.66
1cbf4ba6-5826-4726-9a08-0d2344d29a40,
1cbfbfee-12ab-48ca-a355-2e45c579275b,0.598575 603.50 203.82 263.37 577.56 0.580041 209.38 187.31 277.25 559.71
1cc993a1-83e8-4e17-80a8-90c79117df6f,
1cd3a288-dc8e-4591-9667-d4f1f5b48c79,
1cdee3fb-5824-44e4-864d-e069609b69a8,0.640691 549.44 327.32 279.47 266.56
1ce56b7e-3a64-4014-9cdb-694592f7db5a,0.497202 671.51 419.52 158.75 165.05 0.405099 645.81 373.01 204.34 273.89
1ce5a05c-3607-47c5-93f2-5c3a559c37b1,0.485825 220.72 418.91 157.77 146.69 0.463181 183.35 394.90 233.29 379.12
1cec3d93-889c-4f4f-ae28-72635b933694,
1cef67f6-69f2-4e9f-9bfb-7fbbbd0012dc,0.597727 272.45 307.13 171.41 314.30 0.522735 533.54 283.07 122.28 185.64 0.412304 506.22 237.30 158.56 300.07
1cf2d50f-703a-4d2b-a2b2-9ccc4594c875,
1cf2eae5-29f3-4a1c-bce7-c9ade8554d1b,0.581277 580.17 357.59 234.85 338.08 0.473257 122.67 302.80 226.27 429.26 0.404796 614.14 432.16 183.15 212.46
1cf84380-a3bd-44a9-9c4f-b5d51203a97b,
1d016a1a-02d2-4331-bee0-a49ff12ce5fa,0.621322 164.94 285.96 209.93 346.26 0.552382 536.86 144.54 229.56 524.97
1d01a9c3-e3fc-48f2-b78d-6c82223d40be,
1d023143-2c5b-448f-94e2-c140f47b10ab,0.444680 178.19 353.85 245.52 342.22
1d06ec84-c515-4b14-91a1-ede09d512711,0.429180 590.97 246.65 252.33 524.59
1d0c417b-8b4b-4dfe-8740-c96056359379,0.673973 536.56 223.68 261.92 580.29 0.638094 147.05 249.76 275.13 578.90
1d0ce799-81bb-40be-8e92-4b1783906cc9,0.523893 606.81 208.18 194.78 332.23
1d0de7b7-c3db-424c-bfd1-fe63c121b668,
1d10afa7-26c2-43ed-8a9e-931c2fc79522,
1d1f4734-3e66-43a2-a3ef-34229bcf317a,
1d26596a-1da1-42d7-8a90-9b573bcc5c45,
1d27bf33-c15e-45ed-aa3f-fbec202f685e,
1d2ed7a9-979d-4508-bc79-1b0c77693111,
1d373fad-c8a1-4e3d-8d88-b87d72188aba,0.578055 164.59 430.05 167.39 179.79
1d3af918-bbac-4859-a6e0-4497599334dc,
1d3b34c0-c57f-42ae-b2c4-852195404c74,0.549608 156.89 291.81 314.12 590.07 0.546729 597.22 152.36 316.20 599.33 0.462425 189.99 468.59 249.23 367.86 0.454348 629.32 292.91 254.51 368.70
1d3e1e8b-f6d0-4289-b5e1-c9e992ee1225,0.573353 228.77 256.09 235.97 399.24 0.447756 588.95 182.95 266.78 537.46
1d428c99-400a-42da-807e-741dafc986d6,0.599858 446.66 265.74 260.26 628.96 0.576050 67.20 161.41 273.79 658.65
1d4413e5-f7e4-4835-9b10-53a74aaae5c2,
1d53e889-3c84-40b3-a52d-e6e6be105dc6,
1d54c292-668e-433d-bd79-a4575f8aa494,
1d54fc4c-4642-433e-ae06-e595adb6c185,0.523107 619.48 401.49 215.05 283.88 0.475322 211.32 399.57 215.01 266.23 0.404023 654.16 478.87 168.15 180.21
1d5d0cf0-d3e3-4919-af0d-2ee56f31e0e0,
1d62cd51-82dd-49ed-8ace-74ba89dd407a,0.403815 550.31 557.13 249.15 274.86
1d67198f-a438-40d2-9d49-9e36a43dfb03,
1d73dd5c-4fb7-4684-a64e-14f1bdbec9dc,
1d78c3f0-7511-4ee1-9081-1d101aaf751e,
1d796af7-6f80-4c3a-a3a9-099cc1fa5ddc,0.570033 54.49 104.22 354.99 670.38 0.564550 565.41 86.26 367.08 642.33
1d7b2783-ee65-42f5-8e43-82e3dfafe1c3,
1d809ab6-f7f5-495b-a583-c4b71080c9ea,0.455711 191.54 475.24 224.81 251.97
1d832224-bbc0-46f7-af50-27546292dcd7,0.457319 589.65 160.98 157.10 154.24 0.435287 176.97 171.05 270.10 550.53 0.414628 201.34 507.29 192.94 173.74
1d83e053-34b9-4937-a402-6794429f6d1b,0.619754 231.16 159.84 244.00 551.49 0.576953 633.54 375.90 235.22 268.27 0.518424 599.90 207.87 266.96 480.30
1d8417fd-bdcd-455e-92eb-81a54b77173e,0.400207 696.44 274.42 171.76 125.26
1d85d9cf-0cf6-42aa-9e18-192a5b295b10,
1d88820a-7428-4d97-a9b7-1202bc43939d,
1d88d652-4e0d-464c-b314-3387e45580e9,
1d8b333d-e302-4959-8c72-efdf18a6680f,
1d8ecb46-de17-4a5f-9608-fffb14f695d0,
1d90bab0-ba72-4126-9c2e-11c80a9b2e21,
1d942bbd-470f-4766-9813-80281a270f38,
1d97ff50-d3f6-4425-ae93-506c6168e704,
1d997b6b-b9f1-4dd6-ae12-7a5771e6e873,
1d9a0d40-8406-4888-a727-7dd02e0b21aa,
1d9b09ec-eaa7-47ac-9845-b4a98b90469b,0.447549 153.94 444.54 197.78 146.64
1da29452-a122-4a5b-b10a-3c43ce5f4dd6,
1da66526-8236-4948-884d-ee55f117bff5,0.560289 220.85 331.90 186.29 328.05 0.488419 228.93 404.92 142.57 201.54 0.451810 567.30 266.61 224.35 463.86
1dabdb8a-c89c-424b-a5fa-d98d0cffad4e,
1dabe928-c185-4fb6-9cda-70a4944c291f,0.417269 146.94 479.80 206.58 123.15
1db1d9fe-551a-4aaa-abd2-a8353eb82ced,
1db96f41-f271-42f7-969f-025733684776,0.419465 217.50 255.28 162.91 146.91
1dba90ae-6022-4c9a-865c-323be484f911,
1dc3618c-1e5d-465e-915d-725b292cc8a8,0.573354 597.11 200.50 217.00 393.46 0.494537 235.69 129.11 214.61 373.76
1dc3dc9e-6ba7-4e2e-9323-b81ec65ba210,
1dc404a8-607e-4afd-9c26-d788d9950a93,
1dc9fa14-57e3-4650-813f-550bb9e7c455,0.576517 184.44 559.51 223.64 333.60 0.434605 167.33 294.11 268.80 584.13 0.428084 607.56 506.25 272.72 295.14
1dca4903-a4a4-48df-a8bb-00637b44ec32,
1dd0b293-1563-4cf3-ae1e-fcd4232f852c,0.463767 167.64 277.78 261.94 578.15 0.419022 531.10 292.21 275.47 550.18
1dd44ba2-d479-4f24-a7b0-e1e934aaea65,0.594598 258.74 493.41 186.17 168.41 0.436940 606.56 350.76 199.09 280.93 0.405177 628.48 372.60 160.23 174.11
1dd81458-239d-4177-93a1-536b1f127d19,
1dd88e33-5a20-44bf-8e7e-a54002270b86,
1de2a7d7-2601-4d9d-90db-484bd3f41f7f,
1de362d4-8e6f-4d76-9c4e-9436728add4f,
1de5547c-646b-410e-88f4-8797db5da125,
1de7a597-8d42-4eba-951c-f046343b1e99,0.663949 227.23 419.56 165.71 160.54
1dec8fb9-78a7-4a04-902f-e44e2ff328cd,
1ded0662-6615-4039-893f-f5d843be023f,0.430436 272.33 493.43 166.51 190.77
1defec61-9293-49ff-81ae-7246c77d489c,0.434627 268.00 159.51 247.03 527.81
1df5a620-00ad-4266-a508-0d29f1e00d04,
1df8070d-4a40-4be9-b01c-49ffa89545a2,0.433544 574.26 476.72 226.07 366.57
1dfade34-d928-490c-971c-ffc485f686ab,0.605341 548.21 327.20 238.84 337.70
1dffae5c-df93-4447-a88e-5abb578ef400,
1dffd62a-7f72-40ac-9f2b-6ad081735b5e,
1e07904d-b818-4385-9e43-9f2e36a9d41e,
1e0c4ae9-52f0-4bec-827a-2824d13a1680,
1e0df780-c746-4ee6-9e4e-abafc5fc5627,
1e109391-6012-434d-bc45-ec49b3816517,0.548196 319.83 513.95 203.89 345.37 0.511770 655.93 484.73 243.01 357.58
1e177807-321a-42aa-bfae-94028485c30d,0.478656 231.58 336.51 240.50 502.83
1e19a268-04c6-4a37-8bd5-e573a5e20317,0.575008 208.18 310.60 183.80 355.78 0.477983 507.06 207.00 272.40 527.90
1e1ce192-3106-4922-a0d3-3d81b8eececf,
1e1d1753-4ce2-459a-8e39-923c0e61d0be,
1e28e969-5c77-4046-a1ea-7f7f70d616a8,
1e2be23a-9aab-49a1-97b1-b2cb0062e6fb,0.531497 70.91 714.50 256.21 257.19 0.471582 555.03 144.97 304.98 622.57
1e2c8423-ba80-47dc-b590-841c472cbc27,
1e31768a-fa82-4f1c-9f5d-3b2bde11fb6f,
1e3497cb-00c5-4333-9d35-a27fc9a49829,
1e367b6c-f5e6-43dc-8992-d97554c7f2fb,
1e36e3cd-cf66-45c3-bd52-83de5f78a2d4,
1e3bf52d-b83e-4503-9b70-829b52d82269,
1e3c8f06-379f-4a04-8b90-49787811d9a9,
1e3d0587-13a7-4f6a-99b5-f6551c071bb2,
1e419046-9528-4866-be72-794f1e268893,0.431541 609.35 29.49 335.59 632.55
1e43a738-b9b6-48ec-96de-f527264904f2,0.577277 209.42 586.09 214.61 320.81
1e493a0c-8faa-4901-9e17-8598a0380ed4,
1e5012c2-11a2-4e7d-9dfc-30a6e6ad887b,
1e505e44-d8e9-4fbe-bc3c-613c3671bbb8,
1e585120-583c-4d50-be9b-8ffda0f933a9,
1e62c8e9-ce2f-4958-b8a0-f426e09c1381,
1e6908c9-dfd6-4394-a886-40ede98af0a9,
1e73864f-f136-46ac-b75e-6153a332e780,
1e73cb06-5a8d-4246-a349-2912217ba152,
1e79f233-54df-440f-98e2-ae7ec3d55766,
1e7aa49e-31b7-43b3-9262-88ae746071c7,
1e7c5923-3979-49d6-b08a-35b8d201d3da,
1e805c68-9cb6-4305-914b-5a0d5b60097e,0.491900 646.81 422.43 203.46 307.74
1e8359a0-6313-4908-9971-5682d02db185,0.594931 154.24 243.52 231.99 513.92 0.568824 484.66 245.42 250.64 494.11
1e8707e7-338c-4a66-bc14-5fee9e73bb14,
1e89e0b1-c083-460a-9173-ae14c7a7d55f,
1e8ea4d6-568b-4aae-b91b-1a1f0d13dbd2,0.415178 162.22 400.66 230.37 279.88
1e9192f7-a68d-413b-ae3d-fa840872f1ea,
1e96e601-f506-4825-b2fd-2c7ccf1603af,
1e9ab6d7-8cf5-48dc-a30b-afcccfc339e2,0.445067 276.75 388.12 171.90 131.02
1e9bcf63-ad62-4f1b-a2ef-4f3449c1d1a2,
1e9c130e-1dc8-4545-968a-93522b43ac98,0.529020 207.61 454.54 163.57 155.39 0.445618 524.55 481.03 200.03 260.47
1e9efec0-222c-464d-9955-55e0aa7bd8be,0.567758 126.98 266.89 315.07 757.11 0.560396 581.78 272.76 313.93 751.24 0.511100 176.92 202.96 248.42 277.58
1ea43515-d423-454c-b8da-a3b191e14a96,
1ead85b0-dada-4d3e-8a39-3989aaba75c2,
1eb1be4c-db1d-4b3a-80f1-e80a65a177b7,
1eb459ff-72ac-45d5-8ad0-a777456c5781,0.513364 631.52 380.99 245.16 275.10 0.472910 339.45 466.79 144.07 157.60
1ebb908b-d5b5-478e-9a91-107476ec3cc2,
1ebf816d-3d54-4354-b6bd-9b84894f008e,
1ec0543e-a664-4fdb-8cc9-c96d20e975be,
1ec0a41e-2a1c-4b4d-8737-06e8373c415e,0.438708 235.27 376.35 199.67 346.00
1ec28d4c-00d2-4370-bcd4-58067ba215d6,
1ec51b9a-c8bf-42ee-af6b-26081365724a,0.411954 546.08 396.89 138.05 171.50 0.400490 94.72 456.30 260.71 260.64
1ec545af-e606-4e3a-bb84-bd8313623b5d,
1eca6e1f-ed7f-4acd-bafe-732ca767832d,
1ecf47f9-3905-4518-b171-bc58cdac5e54,
1ed08f16-e100-463c-adf1-3efbe99aae0a,0.497880 208.53 198.14 214.32 366.15
1ed3b831-2452-4598-809e-69bb6f40f69e,0.527857 661.69 208.20 251.81 194.82
1ed63912-9df1-4251-8cfa-428dcda3a02b,
1ed7a23f-654c-4c0c-98ef-fd8d771cd901,
1ed99207-1a38-4fc3-87f7-a4582fd4a8d8,0.461692 578.54 382.50 228.64 310.80 0.401454 590.36 490.12 184.97 174.15
1eda3687-bdf5-469f-8fba-5000c559f48b,
1edccb0a-5f4f-4f6e-8ec3-8e8090f8449e,0.594816 143.23 138.22 275.54 395.14 0.574311 611.84 322.55 292.08 272.58
1ede2e92-4ded-4086-8303-4b7596617e0f,
1ede50e8-25e8-4dd2-9f5f-df43f14227f8,
1ede5f6e-d575-4e09-9381-5a3da66540fd,
1ede87d3-9d0a-4244-84b4-1d8faece7a9c,0.561574 535.15 320.71 194.17 380.18 0.467625 263.30 420.41 187.21 284.30 0.416295 276.85 489.79 153.18 169.65
1ee25bbb-a699-488d-90ee-3e09c16ea33f,
1ee283b8-a589-4798-8c2b-5d6e6ff02697,
1eeecd10-16a2-476f-8d81-867d5480bf01,0.506025 600.96 379.50 234.41 323.08 0.504018 271.24 482.51 170.72 156.40
1ef18823-a5f5-48e2-8e51-032110b4e6fc,
1ef1ca84-8256-475f-9753-a32b5b17245d,
1ef27e91-b8c6-4f53-bb83-1bb7f0b9b933,
1ef2bfbf-b68d-4981-8dc3-b5d7b54ad55e,
1ef50d59-05b7-4c40-a722-0096532a342f,0.452076 570.33 459.78 193.66 241.22
1f0056d6-a405-42d6-a088-123ed42bf1c6,
1f0374aa-9366-4a24-8646-0b7656698026,
1f042317-fe9a-4ac4-b5af-6771e6be78f0,
1f061b2f-cab2-44da-b3d8-7aa3a834cd98,0.542858 585.80 330.75 241.72 262.04 0.403363 178.17 381.76 244.51 230.72
1f07ebba-bd60-40e6-869e-ab5e47340f54,
1f0d63fb-3a49-4068-8330-c446f1db22eb,0.460490 230.50 473.73 238.20 312.71
1f0dd281-9888-461e-9b45-cdb01eac4a49,
1f0ea61e-f034-4e86-a968-b87f4743afe1,
1f0fc732-7f83-4ff0-81d4-dd7ff590da76,0.400618 544.72 559.57 265.10 190.20
1f1136f7-3b32-49c3-bc9e-1b34be1b330b,
1f12de2d-3ab9-42d1-b68c-1d9af65c3e76,
1f14fadb-ed1c-4b2e-88e7-9dd525c53542,
1f1505eb-31b8-49ad-a6ef-aa0e94eba496,0.446119 229.31 399.44 215.93 306.77
1f164d6c-eb0b-45f1-97d9-bd261ccb52b2,0.417146 597.20 496.73 199.44 160.73
1f18d832-13b9-40e9-9797-a6433c742296,
1f1a0bd2-7589-442a-be91-3c284020fae7,
1f1b462c-3e97-4d58-bb3d-1eb43a0ff323,
1f1bf83e-6cb7-473b-9f27-f1a91cc8d116,
1f23aad3-357f-45cf-8d7d-a40f931ba4f4,
1f23c765-65b3-497b-82e3-baf798c4ad31,0.523847 661.19 323.77 249.50 324.32
1f24d017-75bc-4914-9dc0-2b72f931092e,
1f27caf8-fe15-47cd-915e-18999274bcb3,
1f2c90dd-ee34-481e-8f9b-813b11060969,
1f2faab3-bcdc-4f7f-a8a2-d4e65b93da3e,0.426441 642.12 479.97 145.97 184.65
1f329fc3-bd14-4643-b98c-0bd2a3a072ae,
1f33f831-62fa-432f-9836-b5b18624ff4b,
1f35b2f3-dbf0-465d-9ce8-4788b89bf412,
1f39e12b-8d3b-40d4-9992-524392018df0,
1f3ce812-db6a-4b53-a351-ca1c061c045a,
1f4608af-af81-4482-811d-596d7bc7844f,
1f499457-7527-495c-88cc-e110465e22c0,
1f4fbede-6f84-4ee8-a363-31fc39ddc6cb,
1f503a18-442d-44aa-894a-6f4eb9d16c48,
1f55113e-db6e-4b97-853a-7e8f7e1fe451,
1f5d4203-5328-4461-b007-14063909902e,
1f5f2bb2-acc2-4c18-b6d5-212f9a9980b5,0.471933 538.64 194.82 231.05 533.27 0.464017 197.13 213.01 222.14 374.12
1f665284-6414-461c-9210-61fe107e8fbe,
1f66deb5-d400-4f1c-a848-8610a00bf272,0.558384 116.93 199.01 233.45 260.11
1f670057-5030-4549-8a10-392fb97f520f,0.453510 588.72 350.19 223.04 326.19
1f68a1f7-8f1a-4ff1-ae74-c85ff1567ad6,
1f69bd0a-8e25-4c4e-b5be-f4395f032f58,0.512025 332.60 436.67 159.35 165.11 0.497771 307.28 315.35 202.85 315.93 0.416972 617.03 274.77 206.38 502.45
1f6f5cb0-c537-4346-9300-98cf782d434f,
1f70a977-7222-4952-9ab3-7e1e03bab09c,
1f730e9b-ed3f-411a-8966-966783894e07,
1f73191d-033b-49f2-8e4e-265e164f263c,0.425381 300.32 463.14 152.07 157.65
1f75252b-2fff-4b7d-82cb-31189112f05b,0.491761 142.72 557.50 200.25 155.06
1f7a058d-0e7b-4273-adf0-41bda220208e,
1f7a2d81-5f0f-454c-b35d-5da9be2c825b,
1f7fe736-3806-4995-938b-46b86b764c2e,0.519051 185.51 635.91 195.60 140.42 0.412848 614.14 531.68 247.55 259.48
1f80360d-cc72-4e06-bdea-8a1afc14b4fa,0.509771 638.22 465.38 245.33 355.18
1f84d048-0bce-45fa-87f9-2c7356b753f9,
1f875a43-1c65-4617-adfc-9f861a1f3fc4,0.423072 604.63 548.91 173.86 166.87
1f8923fc-241f-40c0-b098-afc1aa6deead,
1f8ab482-338a-4b66-837e-a6c510e18607,0.523570 595.87 208.40 267.06 595.58 0.492119 292.27 207.41 170.77 199.78 0.468965 213.40 211.91 259.12 585.84
1f9718e5-6d11-492e-83f5-c924986b0bb6,
1f9acf4c-b60a-4e3c-8ceb-61b73fc36e1d,
1f9d65d3-5b6b-4abb-856f-791692e229d0,
1f9ea025-6ead-495e-a8e3-71682a2532ad,
1fa15a86-f25b-45bf-a4d8-f0651d3714a8,0.488460 572.33 342.32 291.55 328.66
1fa3ab62-559c-4383-840b-e125b861ce53,
1fa750dd-38ed-4002-99ee-5138338afa5c,
1fad54d3-e697-4009-84ad-24c5bd09b36a,0.624361 222.06 214.38 260.68 509.92 0.603488 595.21 184.62 256.96 535.82
1fb092e7-1703-4c05-93de-6e0034a99f20,
1fb19175-ac6e-4b37-a78a-bfc15cbe4ceb,
1fb21356-f5c3-4504-bdf1-5baefed7316c,
1fb4d7b3-b133-4c57-8657-f3176e0db110,
1fb7012a-2de8-4d31-b567-712b17bb1bb0,0.475593 214.74 305.21 242.28 301.66
1fbb1bca-4e41-4758-8ed8-cc4cbde7dffe,0.601109 249.68 383.89 227.24 327.65 0.474558 609.25 256.46 282.21 492.29
1fbb281f-71a2-408e-939c-12c0a473db5b,
1fbd203a-c02d-4406-94d1-e0caae0df5cd,0.424372 206.62 557.43 224.46 334.74
1fc3831a-7b78-48c5-90c1-af8971ee9eae,0.500476 562.08 273.31 267.25 324.77 0.451560 176.99 447.16 175.98 164.15
1fc7fea2-7b2e-4fe0-a74f-6f7e6ba86e4f,
1fc91f5d-b495-4326-911b-18d0383f25ea,0.652029 216.17 321.76 248.16 570.07 0.648939 554.36 259.87 243.47 581.78
1fc96ff0-860f-4fe6-8743-979a78eff9d6,
1fcbe192-08ca-4ec9-b80a-fbde810c24a8,
1fd4f805-9860-4c13-821c-a7836fd1d90d,0.640800 167.27 378.30 223.22 373.85 0.597950 524.56 273.16 268.65 559.00
1fd519c1-7a2f-47dc-8904-a5174fe7d2e6,0.483623 242.75 424.58 210.81 385.61 0.440083 623.00 260.49 269.41 569.65
1fd5a4d2-b0f2-4d58-bdd9-0dd1862a523f,
1fd5b190-a8a3-4ba7-a0c9-8f79ef3bcaec,
1fdd1ada-bbfc-4466-afc6-93a1f26446ae,
1fe13598-c02b-4155-b189-be9922bb5f79,
1fe340ae-ec21-4b63-af7d-75ce858e126f,
1fe3ad5f-28d1-4d32-a67d-e9ba8188cde7,
1fe85e91-636e-469c-b4d3-6ddbe2f361c4,
1fe96923-d9d0-4be7-8aa7-48b3ab14628f,0.436654 559.15 556.85 256.15 249.10
1fe97b7f-62e1-4b0c-84b4-d41486039f01,
1feb1e8f-4262-4a93-b104-262ecafeaffc,
1feb318a-20e7-4fc8-8e6a-145416f972b4,
1fec0554-a0e1-4328-99f7-28146ad2577a,
1fee9c7a-aabb-4000-93b4-52abd78efa94,0.603360 191.54 299.16 224.36 318.94 0.539579 581.55 241.13 226.97 400.05
1ff10836-3179-4bdb-9c7c-b24acbb4051c,0.545877 593.41 331.94 254.82 271.60
1ff240ca-a693-4a0e-926f-cc1e322e1569,0.510234 547.72 478.95 253.14 297.52 0.477567 114.87 621.25 238.95 244.14
1ff48706-9186-4d26-a805-02c46e219833,
1ff4d829-9c29-4f68-995e-2d267375c83c,
1ff8b4d7-7799-4d2e-be27-218c244ac73e,0.434188 542.90 353.86 231.88 347.82
1ff93860-0196-44f1-a9a5-4210fe7e5d96,
1ffb8eee-5a79-48a8-9f14-eada75c26c19,
200035d6-f2fa-4281-b1be-781fa95e015e,0.548083 248.40 484.11 250.31 223.66 0.423703 311.55 534.91 174.42 160.45
20003c7c-3308-4df2-9da3-ac104f8e50b7,0.470998 568.01 236.42 240.07 572.86 0.421578 235.12 386.53 213.80 347.27
20020bf8-2fda-4ba6-b1d3-d573c8956069,0.578260 142.08 323.56 239.00 339.17
20066f13-419b-408a-bc34-d8be58df5708,0.465614 255.43 424.10 155.87 152.90
2007ca99-a785-4706-9f73-8000f3226c28,0.544074 578.99 504.25 152.24 138.18
200b01ab-7e6e-4790-959e-d569c278f16a,
200c29e0-0373-48ea-b14c-4c811ad0f123,0.517671 697.75 375.65 157.73 145.55 0.413452 666.26 283.49 203.51 277.57
2010152a-88a2-4d63-9349-6fda8db0800b,
20143e00-cbcd-4d68-9900-bd939d5963e5,0.492537 595.27 246.45 243.40 524.73 0.474374 224.30 210.64 255.17 496.09 0.435669 232.14 404.07 223.57 273.57
201508e7-84a0-4df3-ba82-87b6d200acd3,
20163ab5-99f3-4bc9-b13e-2d8910370eaf,
2017c617-7593-4996-9faf-3db972b7e7d9,0.497546 618.55 311.62 285.23 651.37 0.413294 153.13 162.57 276.28 678.18
201e5036-cbcd-47bc-8fd0-5558eaeda272,
2020cce9-96e5-4e02-a806-c2350a25c430,
20214557-cbc9-45ec-a162-15b8ee795702,
2021bb8f-9fad-4220-b7a4-73894f5dbc19,0.614858 249.02 270.34 189.29 365.93 0.498016 547.09 289.70 199.23 337.16
2030b3be-cb12-4a2f-b96a-ddd702d361cb,
20320517-d325-4a1e-ac50-f9af99975634,
2037ee0c-2b69-43fc-b155-efbd79c0d644,
20399748-a859-4468-851b-ddbfb3de61d1,
203b1b72-8b45-469a-b023-3a460f360a34,
2049f0d6-5c21-4fd8-a74c-997e096e71af,
204d03dd-3faf-4c16-a432-a139493c2928,0.447514 203.97 208.08 195.94 347.50
20529880-4ce1-46ee-aeef-763a7e80668c,
2055beb3-a6e0-4133-82b5-a60e4d428ef3,
20563db8-4509-4d84-93e0-72d19c2ad6f8,0.573249 203.28 313.73 213.11 364.79 0.475498 598.57 220.10 263.58 503.19
205f6d99-0870-499f-9644-92b98d985d62,
205ff415-45e6-4b0d-b9b3-321532ccdf86,0.602078 157.75 227.55 272.81 547.74 0.599137 585.52 247.99 282.57 594.87 0.410795 191.28 247.47 225.27 324.55
206955df-8dba-4529-b71c-46daba6ddd00,
2069e8aa-9fe5-442a-9c28-e3f12d3addf6,
206bdd43-542c-4888-a7e5-4e1932638b0d,
206c3b5d-8229-4a9f-b00f-3f62c5949de9,
206f38dc-9b8a-4559-aaf7-b612fbd06ede,
20702407-dfbc-49b8-9324-311961fb1ee2,0.595453 173.22 302.56 216.87 302.18 0.525196 528.31 237.82 239.65 568.37
207108d9-45b6-42a0-a967-d15cc7c3bf73,
2073e3a8-945c-4e76-b911-1d79a25cd683,
20770b3a-be8b-47a8-beb0-9254fab636c5,0.480753 590.98 458.60 240.76 354.63
207aa3ce-48b1-46af-98b8-c8905b145b3b,
208017c8-d1b0-46a9-9e54-7fdd2af71090,
2082f53e-fb13-4401-9c23-476582bc5b19,0.577048 258.61 453.32 169.19 169.83
2086d3cc-021d-42d9-ad29-119b86f0b29c,
2088a33e-1f81-4343-a2c2-d7ee33da47f9,0.430082 616.63 312.62 121.59 163.91
208a6648-73ce-4de4-af7d-19c703d9200b,
208c6592-2055-4cde-98c3-dd48419088e9,
208db98a-049c-48ed-815a-5bd6f6d2b8af,0.470335 613.42 191.11 153.18 181.99
208e3daf-18cb-4bf7-8325-0acf318ed62c,
2094874f-2524-44ca-b3c5-6c4fc574625c,0.471743 559.47 127.06 208.26 339.29
20952d76-da81-4bd9-a939-7a44145fb68b,0.663644 163.21 211.16 289.29 583.62 0.606161 551.38 187.20 277.91 557.00 0.457166 189.23 356.29 226.33 372.59 0.419813 593.97 308.83 208.62 345.37
20970cf5-ca04-40f6-ab83-9fa5b3aff9aa,0.509609 228.66 329.28 156.47 136.43
20a1f88f-a3bf-4c15-be35-96a0b6334b82,
20a20749-60a9-4132-81f1-aeac418676c6,0.500696 221.81 318.92 238.06 425.91 0.469815 591.72 277.47 268.38 588.18
20a55f7b-de8d-424a-9f74-4ec4551a5c19,0.589036 585.70 405.29 158.47 160.54 0.532835 205.04 508.29 201.20 303.14 0.502922 213.09 570.31 155.79 188.36 0.447001 547.92 362.84 207.69 252.28
20a95506-bfd0-44e2-964f-7b4140ed60a5,0.514209 227.36 522.05 223.40 313.09 0.513324 601.95 504.40 260.76 295.68
20b02346-0873-481f-a701-5ed8155717d0,
20b0afdd-c8ac-4049-b07f-22b5af366bf6,
20b2d0e2-c98a-4258-8032-0c64cbd40df5,0.569085 652.03 376.52 189.60 191.96 0.547233 231.15 170.86 230.68 276.46 0.410151 206.54 134.27 274.40 515.88
20b99054-7b83-453b-b514-8aa7f0d7cfb4,0.485716 185.46 466.31 199.06 298.89 0.464813 514.69 586.21 194.30 257.58 0.452652 185.91 582.02 154.03 163.73
20ba7cd0-8c70-4a8e-a419-e376ae06e810,
20c48f19-6618-413a-99b9-9dc396f2bdc8,
20caa5ca-2910-4109-946c-04598d716583,0.446204 318.93 411.98 185.41 130.54 0.425598 665.23 179.72 222.18 396.71
20cb687a-8d15-447f-8546-bff2f8f12f7d,
20cdf26d-84e2-4f06-91d3-3fb35629dac9,
20cf7cea-879e-47fe-937c-15a258dff0e3,
20d2cbfe-4a02-4693-a8ad-546a6c5f15f8,
20d9afc7-a8aa-414d-9e44-fce8775b0dbb,
20da1944-1714-4170-a08a-8b82c0788ad5,
20e6c681-9559-410b-abf3-cc0b0d71889d,
20e75ed8-6388-4d51-87f6-eaf92eddca29,
20f0b519-4336-4f74-b03d-ddc95d454bdb,
20f38c57-8a12-493d-90ab-4c6c7f0798ba,
20f708ac-0e1a-40fb-908c-5091f4a4c08d,0.506367 329.21 357.09 226.86 342.69 0.461967 696.38 188.67 241.41 343.71
20f7fda5-8ccf-42c8-b87e-89b78e35366e,
20fca1d7-2960-40c8-8752-abb56f960d41,0.519450 168.70 367.58 249.73 523.60 0.403300 541.03 249.28 255.37 507.69
2101330d-3356-4236-bfda-f4663679a970,
21109de5-475a-48ac-9727-0b2bf8867331,
21111847-5b1d-416c-8561-5863463d214b,
2111488b-6c55-4f89-9ec4-35b265b36b46,
2114aa76-4a8f-4061-8950-bf80bcfca0bd,
2115a65e-319c-4ace-af8b-0617af31646a,
211702c1-a91e-46b5-b3d9-6669212a7fd0,
211b7ec9-80a6-466d-961c-66bcad202137,
211f242e-8f05-4307-bf14-dcb8270dda7b,
21203843-f47b-4757-9a9e-832426cd3938,0.577105 164.32 645.51 147.39 132.80
21208bec-714f-43ef-b145-aa3442f844a9,
21271204-1954-43bc-973b-63b896c17374,0.549289 176.76 305.67 302.35 681.69 0.488555 625.55 446.99 268.23 577.01 0.470083 643.95 679.29 222.84 316.26 0.414781 167.87 629.05 215.79 316.42
21287f7f-c054-4a78-8afc-23fe395eb213,
212c2acd-13d3-42fc-9bc1-1bca386189ec,0.440946 583.06 486.32 233.61 294.12
212ed8a0-fa74-47e2-a34a-9f264a65cacb,
21346b75-7877-4ac4-9c07-3ab45c2c4a7d,
2139df25-6c09-4136-b987-4c2d7e71e200,
213afd14-1f46-47f8-9ffd-da8350be7b04,0.409704 608.70 288.33 144.59 145.05
2140f05c-c1df-4535-ab25-2792522ad89d,0.452524 559.25 314.90 218.84 250.52 0.434978 205.71 403.16 207.41 125.97
21425b38-6c21-4679-b203-245d0c811cdb,
21425cab-c511-4129-961c-ce5fc01715b1,0.610697 205.68 285.18 242.95 305.54
2145b66e-129e-411c-9ed9-b3c6f69ee20c,0.434829 159.42 396.52 169.20 124.73
214d9224-97dd-470a-abd6-59d756228452,0.406387 655.43 530.14 174.84 150.31
214e0545-1efa-4fe8-a884-a778473e4671,0.598055 164.51 422.92 195.26 154.24
21559d4a-04ce-4590-b890-6e8873253d97,0.531028 306.49 387.88 210.88 350.39 0.460121 632.05 372.57 223.92 308.85
215700ac-5dcf-4d9f-8124-4e7cde3788d2,0.594935 170.11 408.36 214.58 326.07 0.498109 542.93 455.13 259.12 205.48 0.458501 592.47 484.72 192.02 138.38
2159f35d-f7a9-45f8-aeb1-133234ae1914,0.440319 208.62 433.51 251.57 161.27
215b006e-9bb8-4056-b3fc-aa097f5ff4b9,
215bbba8-f33b-49f1-a539-aae38cb82f12,
215d4b0a-b546-4eae-ab7a-39b303f7248b,0.550249 313.39 404.75 215.94 293.52
21627d48-f10f-4fa0-9167-f08c832cdeb0,
216356d5-711f-4358-b4ac-41468a70f96f,
2164b764-955a-4d94-abd9-b0e5782319cf,0.470635 224.35 504.20 171.89 142.26
21698e32-6477-4178-bbe3-9e538d3c9d6b,
216bac30-0d82-425f-ae57-eb6c2fc01271,
2170ee5b-c39b-4bfb-873f-92eafa183b4d,
2170fcb3-ac43-4128-a256-dc58c3f7381b,
2173269e-6264-44fb-a0f0-9278e7e42c8f,
2179339d-e6f0-49ba-a405-bfb4845fdf5a,0.522318 200.21 642.51 162.93 116.17
21797ffc-8258-415c-b886-5ac6e60e6962,
217d4bfe-ddf4-4e2e-9fb1-f967c67a12c9,
2180885a-f469-4512-845e-deb6f1ec9317,0.497435 250.45 240.63 187.89 364.58 0.446503 550.61 246.73 264.96 578.64 0.435351 618.27 262.36 174.09 151.83
2185b766-f19c-43b0-b91c-e31e0589dc4d,0.510360 669.91 508.97 219.22 373.79 0.505494 296.94 436.77 248.72 560.23 0.428577 314.29 645.08 213.66 325.71
2189bf86-a0cc-4aeb-9320-273a6236d10a,
218b656e-0c88-493c-a567-af93166ec37a,
218e107d-4719-4bc0-aba8-cd1f055708b7,
21997496-9bae-4fca-b742-032e333f6e0d,
219d76a5-44b8-4e95-b651-d638661b89ec,0.535616 533.77 147.70 243.35 539.99 0.498625 123.23 457.19 168.10 180.90 0.486447 114.80 137.26 246.78 561.74
219e8604-5624-4059-92c2-401e528484e2,
21a34cf2-823f-4699-8286-43931ef708cf,
21a6488b-80dc-4caf-8d7b-a375011d70dc,
21a7dbab-2bdc-4656-b51b-7f9dba14e39c,
21ab7839-a62c-4829-bde0-378d0ca4cc21,
21afe23f-2e32-412e-88f4-23eb4cff9ed5,
21b094d6-593d-4dc2-a53f-c8edf0ce4f59,
21b0c6dd-5278-43f6-ac94-4f5c443a2c45,
21b5ff6c-8c43-4473-8f45-5abf9cc15ff0,0.509093 256.83 401.28 162.94 178.19
21bd7ee7-584f-4b18-98ce-38a7b76b644d,
21c8c4af-d6cc-45d8-adf2-0f975d79108d,
21cc46d4-b5a8-4296-93ba-0f16bf88b30b,
21cfe0df-22f3-44c5-98d1-3f807433d26b,0.407514 279.21 503.62 170.66 154.40
21d231c5-d903-4acf-ab7e-b7bc7ea009f1,0.438004 201.84 542.15 227.97 237.74 0.402395 590.02 444.90 236.82 223.57 0.400450 219.01 570.95 173.45 152.22
21dfd5ca-35cf-4159-989f-734ba8c37ebb,0.546107 283.12 151.99 263.03 538.95 0.491180 694.19 124.24 276.96 632.16 0.484814 277.97 487.99 179.44 165.98
21e42e94-8d99-43d6-8e06-e795cd00f69d,
21e4adcf-ed69-4dfd-9b69-6ad33a424733,0.446736 663.27 602.16 253.96 288.68
21e696f2-9d4e-42b0-8fe6-e4e59e667476,
21e738e1-8847-4c7e-9f80-62212d3461f5,
21ea7be5-b0a4-4d96-b56d-8288dd0292cd,0.533517 568.98 435.19 253.25 232.33
21ea97d1-c6f8-460a-8487-8530b4fcef02,
21ec1079-962b-46fd-a489-871c2cb3bf32,0.448194 109.64 307.94 284.79 594.26 0.404613 560.82 290.71 307.41 635.39 0.404307 128.33 549.45 230.59 313.20
21ef32bf-62fb-4868-b7a4-f29b21a5ede4,
21f097aa-37d0-4340-a132-85e80880f5d0,
21f202b2-fa91-490b-9e48-8cb38078a7c8,
21f523b0-7213-4d04-94d7-4ca690ecb69d,
21f7cfff-d8a5-4585-8dab-8cf4c13d991c,
21f9f4de-27e2-4324-91cf-2871fe2a670c,0.425764 699.36 309.58 208.56 330.90
21fbfc34-e070-41fe-acad-cf3b520237f4,
22033047-8ce0-4bc1-9d2a-02397029e334,
220636b9-b401-438a-a894-529918d12af9,
2215b907-f15e-4b26-ba95-e9eebcaef2b6,
22193d3b-ae61-40c1-a5ea-4fd26a84c60e,0.530271 298.57 496.04 226.33 309.80
22226c9e-e3a5-490e-a744-e20855d0853b,0.574607 279.56 371.31 190.31 327.68
22269d6b-6acb-455d-a5c9-85e122cc452b,
2228940d-d9f1-4f96-820d-baae56f766d4,0.495511 135.87 442.80 211.39 341.87
222b5868-4ffe-480d-9441-2e7d793b5049,0.476458 563.41 396.81 235.32 349.06
222d0924-ad58-47af-a4a0-d60339febc1e,0.654289 307.48 570.27 146.23 165.89 0.638294 680.50 460.02 165.68 192.46 0.480620 280.85 533.90 212.28 240.60
223adc8b-4ded-481f-85ba-f4b8ce619d7a,0.415944 555.47 526.67 279.72 227.53
223e7914-1cdb-4fe4-a086-0969efed0ee5,
224218a9-be4d-4564-9f35-8a4d1b5a1f41,
22465003-1c9f-4ced-891c-7cc23dad7318,0.630758 197.63 419.64 218.31 370.03 0.557687 549.66 304.25 268.61 488.18
2248f0d6-2adf-4206-a025-452a6413567a,
2254a9c2-16e1-48e8-b7c7-1688163da7c8,0.403943 605.47 551.03 237.85 266.84
22569e21-9b6e-4ec7-aef1-359ff0cfd4e1,0.418049 557.45 490.19 235.82 275.35
22585477-ba03-49d6-b16a-9cddf05e6b66,0.593495 203.71 406.12 202.63 324.84 0.564161 597.50 357.85 260.80 297.41 0.403036 215.26 527.26 166.23 185.01
22669933-5680-4544-a22d-08f7875d2d3f,
22684349-817a-4855-909e-3765dd94a1cd,0.553870 107.38 231.29 218.91 411.97 0.541154 466.00 142.41 225.52 489.95
226d2b5a-b943-48fe-ac77-bf54f57cbca9,
227356aa-6ad9-4418-bdd1-8723d81bf3d5,
22741fb4-55ab-408d-b782-6038eb0fcb54,0.421202 519.83 543.48 190.87 144.97
2276b258-5b47-4c7d-ab1f-5b2bae4a8fc4,
228007ba-1c64-4e76-be5c-7b7f17aa499f,0.408478 178.48 593.63 223.45 283.43
22855945-01f8-4bde-bf70-23fcf73c6ef1,0.490967 173.92 394.86 215.46 344.97 0.440225 204.77 430.56 160.50 179.23
2287cc8e-e51d-4e32-9eca-760c49e4539d,0.562066 494.03 546.02 179.88 284.18 0.518872 269.64 471.11 152.81 287.03 0.429999 513.08 577.52 138.21 178.49 0.428165 288.85 566.98 121.27 179.38
2289399a-783c-404b-ab3b-88345c3dd952,
2289c8c0-9f7a-4709-8ee4-38f5e41612d1,
2289fee2-698b-46d5-aaca-00818824598a,
228e01b5-a702-4a47-9f4d-b5023f583312,
2297bc72-aba0-4396-8d7c-dbc7cdca18ec,0.447131 323.05 504.10 216.51 252.14
229b1b99-4f23-4a1b-9cac-2890d07abc96,
229bb456-7c14-402a-a61f-fc2e5aac9729,
229ce52f-9e0b-4b6d-abd5-60fc9c3a024a,0.473073 187.38 545.54 231.04 256.83
229e6cb4-e8fd-43ce-9ab9-5ddd95e28d2b,
22a18f60-4e35-4bb8-8b22-235a58b93abd,
22a1fce3-ad32-40a7-832b-ebcfee4da711,0.430373 119.56 438.21 189.64 122.38
22a25fe8-7b6d-4c13-8996-c1518515473a,0.562850 176.98 344.94 159.57 188.53 0.402496 175.53 68.96 251.43 509.12
22a5a7ed-41dc-47ad-bf9a-660eeee035bd,0.505801 289.97 602.76 170.85 241.51 0.421029 537.46 524.94 174.71 306.06
22ab3f86-c9f0-42a1-a594-ad0c1923c32c,
22b36c33-8e54-4779-9d90-c00558ebdda3,
22b656bf-8c47-4edf-8e99-4ab9a195424f,
22b9929c-7e06-4ebe-b926-d0cb9fac9847,
22bba58c-7d19-48f5-b71f-a743039f21de,
22bc8cc0-b7eb-487e-94ec-cdec71aff3f3,0.467190 171.18 303.38 255.41 269.35
22c2a3d1-252f-42bf-bf1c-f51427ab5640,
22c52925-efbf-4561-826f-1866129383a2,0.609452 590.80 208.23 277.41 607.79 0.547776 168.05 219.95 284.00 571.39 0.517951 184.63 434.50 224.42 320.64 0.448566 612.96 254.90 218.36 363.10
22c5cde6-2fa8-4a61-a313-17dd471b2234,0.418569 142.55 316.00 219.82 271.80
22c7b69b-d9a2-4b64-95f5-3cfb86bdec22,0.538861 571.87 126.54 186.53 294.94 0.513051 199.19 460.87 209.03 309.80 0.478212 549.37 119.74 232.89 580.85 0.437379 180.09 235.06 251.49 554.80
22c8f77a-022d-445d-8700-a3ef34fed777,
22cad83b-6e0b-47c2-af97-667916d3a51a,0.584172 643.82 452.07 200.97 300.38 0.482598 213.49 249.47 235.44 352.92
22cbd2b2-3229-4e59-93fc-e271f4d4119a,0.413660 589.37 370.61 223.44 324.07
22cd53c9-4ab4-4ba2-85b2-8eeb83811ced,
22d3ebb7-eaf1-4b93-aea5-6dc714e3dacc,0.597624 234.30 360.47 190.49 201.95
22d4c0ce-db48-4a4d-9653-a9e362c1f812,
22dc1729-86ba-40e5-9ae0-2a9e8e839f4c,
22dc3067-7c66-4ae2-adb1-cf4754359d14,0.452829 216.59 252.61 239.47 527.81
22dd02e5-5ca4-4493-af90-17178e558450,0.427330 172.73 313.48 282.45 524.15 0.419606 578.42 293.87 269.03 527.70
22e960f0-e303-4fe4-9d3a-a7533ad6552c,0.580978 629.76 349.84 263.03 588.96 0.507599 212.35 349.64 274.35 550.21 0.454548 215.99 551.53 231.56 325.69
22eae506-4f84-469d-85f1-b2e96eee30e3,0.540454 275.21 493.86 227.00 226.07 0.508900 637.70 402.30 237.84 290.20 0.401613 661.30 474.53 193.06 177.47
22ef58eb-6d35-4872-91b3-3eaf3a4b1c6e,0.596893 203.35 565.49 190.23 153.33
22f308e5-7711-4b49-b86f-bbdf1f9c9bda,
22f41c81-aad0-4bbc-aa2f-60897f6de3c8,
22f6c9ae-6c44-4c27-8f9f-5065cbdce475,0.417610 321.35 158.89 133.36 129.09
22ff801d-23e2-4638-8297-b2b6e40b6426,
230422fe-3a39-4bdd-ac65-70572f14451c,
230a141e-7c8f-4afb-bda0-a54d08baeb16,
23120326-96df-49d6-95e8-c9b0df966965,0.462119 656.90 499.91 273.83 305.89
23143428-e7a1-4bc0-bae6-0192c009c281,
2314c2d4-5cce-40c0-8a26-d3e85f0d859b,
2316b90f-0098-471d-95e8-dd71c7e9cbda,
2317d609-bef9-4488-9b56-591954dc6742,
231a1bc7-7262-4330-ab24-ad777a4eb452,
231abfb6-8c40-43dd-923a-ee88d540ef50,0.445701 166.49 381.11 276.26 244.55
231c9104-2a52-4299-a457-46220d7721d5,
231e06ec-050a-4514-8241-431aa1ec5fa4,0.421308 606.85 212.02 227.47 362.21
23212cd1-662c-442e-9e1f-5364e2c78384,
2325e724-7c0e-408b-bead-059230fd6774,
23262e9c-3767-4beb-8e3d-0d1d50df6d8f,
232df82d-debb-468d-a780-a2a0bf19ccd8,
2331d0f9-b2b5-4cfa-ba65-e221f09316f1,
2333c9d0-9df8-4620-b022-24de7b7c0354,0.477505 186.55 510.11 219.56 369.56
233e0be9-7a88-48f7-b5e3-af50cb2ccb4b,0.422056 225.65 632.33 235.59 326.78
233f61aa-636d-47af-aada-db52a93dc9f6,
233fd25f-9705-4e1b-befe-a25f5ed68c82,
23414dbb-910f-4d9d-9c4b-e47d6d0b4853,
23423315-2a2d-412e-8c45-ed9cc8d589f6,
2348cc76-684f-406e-9e98-c14ce61c3143,0.586888 233.23 395.12 270.05 622.18 0.571357 677.89 408.00 277.54 616.00
2348e7cb-e24f-4b47-9e3a-945d1942ab5e,
234add61-53f4-4780-9fb3-10bfcf22e84a,0.643237 168.91 252.94 243.16 332.90 0.472181 554.11 191.92 249.92 505.55
234e2082-098d-48fa-933f-e311d7bf3439,0.571214 136.82 402.15 227.10 321.03
23505b01-62da-4e56-bcdd-1adefde2cbb9,
23515be4-852c-4d17-af03-c338ab35f427,
235170f2-8229-47e1-bd51-0b3d42c0775a,
2357ad7f-fe2b-460d-a7db-8d58c027d4c4,
235b24d7-70d6-4616-bd61-70379a2bbf68,0.496080 598.81 165.69 254.26 406.20 0.494262 162.72 353.45 266.09 313.92
235ed51f-2494-47fe-97a4-fdbefc03cb07,
23601710-8391-47f3-bb8b-273bb4cf9c13,
23606f99-638f-4a8a-94a2-9f6288a87d07,0.550507 274.69 408.13 174.66 163.47
23613eaa-79ec-4cd3-9276-d08f3c6e03b6,
236319c0-d5d1-4896-b23b-8501f0091411,
2363330b-a7d8-4f19-bbfa-f09b15dfef0a,0.467684 233.68 408.18 184.48 153.51
23649ef2-dde7-4019-a356-75c7f064dbc5,
237081a9-a3ea-41c7-a2a7-e055f7ea42d1,
23737a3d-f39e-4c71-96d9-37cac3c72004,
2376e0ed-344d-4492-897e-f2359f9881ae,
237724a1-b2fb-48e0-822b-5059d04f912e,
237901d3-e135-4277-852a-86cba3a9a43e,
237ca121-3ec6-4571-a31b-30da50562224,0.622167 576.24 348.24 223.36 417.28 0.600064 216.98 334.97 216.37 322.22
237ce1d8-6ff1-4cf7-afa1-be822a58276c,
237d16b3-0c02-47e5-88a8-a7e03a74a808,
237e9d10-fbb2-4dd0-a808-999a37cee304,
238375d8-0b30-4ae7-813a-fd60bf865f40,
23870b78-01de-4d6b-be10-e3c605bea4d8,
2392af63-9496-4e72-b348-9276432fd797,
239801a0-406e-478a-b289-794a895fd23a,0.586008 232.84 380.92 197.13 281.60 0.510670 583.38 314.51 208.33 381.30
239cc56f-29a2-4562-acaf-3282e639591c,
239d9e47-c755-4aea-96c9-18b963878979,0.581062 249.34 330.40 217.02 260.84
23a04792-8458-4eb9-b31a-7afa8862a808,
23a26c71-73e0-4cb2-b2ae-661a04c696dc,0.423048 586.50 305.74 267.39 625.61 0.408125 195.59 654.36 168.58 150.69 0.404151 192.76 580.63 218.27 251.70
23a2d9c1-6dc4-46a9-9ad8-c53ad5c8cd22,
23a42b0c-8d5c-4f0a-bc17-04a4b3c4cb8d,
23a7109e-071f-4fc6-ab9e-6b7021c229dc,
23ae135f-973d-45c5-a879-604e30630c54,
23b839c3-ece6-4daf-9b58-c347c598d42f,0.453504 194.69 238.21 196.34 387.79
23b9018f-cd9c-4a09-9ba2-5ac887639a7a,
23c0da4c-d481-45d5-8cf8-ac77f20e424c,0.401023 283.74 460.73 146.81 175.43
23c605e4-a488-4406-bdc5-55be617b17f5,
23ca0b17-47b6-42b5-81e4-980e2bedc996,0.478337 236.37 179.80 235.91 397.78 0.428164 633.52 184.07 252.05 245.04
23cadaaa-38ee-44f5-af5c-26b64a0f4b28,
23d304d3-1097-4687-b8c5-00eb8c2e35ad,
23d956be-3b4d-4e1c-abce-a0e10b5b4962,0.545579 224.92 196.47 209.60 403.46 0.536739 611.69 238.82 216.90 282.68
23dc53f1-52ba-4411-87c9-d05b3ee35a0d,0.461308 602.19 545.53 237.14 219.66 0.447565 256.86 529.73 208.51 328.82
23e28b99-87b1-4f7e-a519-a5f14ff0a2c6,
23e99d2f-b0c5-4191-a5fe-8bcece4edd5b,
23ea49ef-6f5e-4842-83b5-8514e2179fa7,0.453346 198.77 569.85 195.15 125.48
23ebfb85-2312-4a8b-8879-3cf48a1e8920,0.451567 602.17 193.34 278.85 594.36
23efc2ad-684a-4f0b-910c-645a58bcbd7e,
23f2d686-d5a9-4ce2-89b4-c0c3914fe3fd,0.535437 233.64 516.37 205.50 334.34 0.413517 249.59 552.14 162.93 197.29
23f35b71-b93b-4f74-a9ca-579f188cec2b,
23f6c434-cd8b-44a1-b8ce-621f6bb55e9a,
23f8d395-245c-4fd8-8504-9796474eda3c,
23f91ef0-1945-49e6-9975-34842d8966eb,
23fa2526-f011-4de3-b8dc-b76b47406955,0.444667 262.26 174.15 227.27 357.39
23fe0fe9-6021-401d-a981-9c9766bf96b9,
23fef1ae-6472-4def-948b-5594056f2b79,0.451213 276.75 578.69 240.20 257.75
23ffe96d-ef6c-4a8f-914e-12754fe689c4,
24014088-d2cc-41db-bbc2-ba74161bb8ed,0.561348 599.81 361.81 204.46 321.57 0.473954 213.57 475.55 178.61 288.67
2402e4a3-ff44-40df-b64a-c9e02473bce5,
2408fba1-6704-44c7-b598-4e62504df533,
24095a3f-0506-44f6-819d-5913b2c21ec3,
240cf4ce-a2f4-4790-b9ba-4b99511554a7,0.511176 505.18 240.65 181.65 288.24 0.487402 301.42 264.94 145.62 171.94 0.447113 528.91 274.04 143.99 178.76
241008d0-9269-4c06-b905-074c6ad6c84c,
241306c1-e980-4a95-98a6-fb218c081812,0.577022 262.07 326.84 207.11 403.24 0.557938 556.36 268.81 211.74 511.87
24179b68-0c97-4aa3-96c8-bb718ba204f1,
241a8008-8f3c-42fb-a4f4-4041fe0a14d4,0.529153 297.27 349.82 191.37 287.64 0.472663 618.16 297.02 222.41 567.76 0.449493 317.38 372.43 151.26 174.75 0.411015 641.02 532.05 189.88 334.85
241a8db0-7e96-43f4-ab8f-e3c4f63e1c74,0.605484 582.69 609.10 152.34 174.85 0.598672 218.35 635.25 137.70 153.22 0.497451 554.06 515.73 193.29 286.33 0.472597 205.29 595.95 185.14 232.92
241b5fc6-2e5e-4b62-a433-a15e16e44627,
241ba006-6d87-49bc-a6b2-768a0669450d,0.407470 593.55 369.92 280.86 305.34
2424527c-3327-4d30-bdda-4df08ba49679,
2425f877-b1f8-44da-b8ea-adeb5155cc8b,
242bcc3b-ab55-4f12-a414-00384ba48e9c,
2433372f-a327-49cd-836c-4db1494a96e5,0.430963 589.39 415.24 250.79 335.95
243847a8-928b-4fb9-a7e5-20ec95e0445e,
243be28d-f021-457f-b86c-95394c9be74c,
243c5673-c107-4cc0-bcd5-6d5bc8a1a8dd,
244330f7-5f3e-4c90-a20f-2e59e78c3b12,
24435118-366a-41d1-a467-e5378de100d4,
2444c28b-56eb-40fa-bc95-2f007e7e39a0,0.489268 572.39 403.27 287.73 284.61
2444fb77-294c-49ca-92f1-b79f09c06ee2,
24493c66-e6f5-4eee-8c7f-26c42cb47324,
244b8582-b2dc-4873-a03d-582656bf6fa4,
244d32fe-0280-45e3-90c0-60f344d99b48,0.563262 102.28 118.53 308.76 555.19 0.506840 538.77 152.52 275.97 573.40
244d75c1-1097-42be-8f4f-c9a0dc54fcf7,
24512e9e-8995-4c47-89e3-0dc3dd031961,
24579c4e-f0a8-4a69-b3b2-17867dc928d9,
245a6216-ef95-49ed-870e-fc415d3b96cb,
245beb7f-d20b-49eb-8403-09360ec9f163,
245c046b-5ee7-48f0-8c5e-df7f3151c46f,0.560084 218.66 344.62 249.85 633.19 0.546468 608.39 270.26 250.51 588.92 0.449477 708.09 608.04 147.17 173.13 0.435412 241.56 397.01 202.86 379.47
2461912b-1864-4bcc-a65a-a34c01876589,
2463ccff-9423-4c71-9eab-d23b2aeccdb2,
24646647-6508-47ec-b527-eba27e8751dc,
2465fa6b-2d2e-4af7-8977-b19325c560b5,
2470255f-acf9-4842-97e9-37f7937c92f9,
24769263-7a02-47f7-b514-88ece09802bb,
2477050f-f9cf-422a-ae05-63c8319665f7,
2479b752-baae-4fbb-8b35-5a43464f1188,
247ad4c7-6363-46aa-8ec6-936f0c751321,
247c604a-daa1-4eb7-9905-ab99dd7ce1d4,
247fa183-7953-4108-8a4a-a0411c879540,
24845f34-a0db-4bd7-939b-417364bd0285,
248652fe-8a0b-4461-af7d-8e684275315b,
2489f5f3-8df3-464b-8f1a-8bba82c506c8,0.497973 298.28 416.68 198.05 321.39 0.492562 626.68 261.99 250.38 554.09
248bc147-a52f-4b86-b7ed-2fffa2ec3912,
248be5cb-5079-4ba7-b2ba-a0ff1062fff2,0.556942 205.67 135.74 202.86 355.85 0.430922 556.45 207.10 198.32 315.01
248cb457-9cde-4575-8ac0-8f2f67c1fbbb,
2492d586-92f7-432f-9116-cbb5e97f4907,
2493e4c0-8d2e-4834-a2cb-00bb34e70e33,
249b1047-ece4-490d-b903-5e457981986a,0.415221 255.32 432.42 176.96 160.50
24a12eff-c4ee-4ce1-bcf8-40ec40cccd0f,0.439101 174.28 300.55 237.54 538.92
24a25154-88aa-4f08-b04d-372533f281f8,0.660253 94.48 142.20 288.95 617.39 0.646619 526.72 107.41 271.35 606.01 0.497649 567.76 192.54 208.81 391.94 0.480919 126.06 296.65 214.22 366.84
24a37027-3bb6-4827-8d70-cdc74d5f40db,
24a4330d-1ea1-484e-8e59-6502524a5c51,
24a4a55d-627f-4fa0-a894-555ce05dae0a,
24a4f617-41fc-4abe-bdd7-ea28778a0f36,0.487428 580.62 384.94 240.18 288.05
24a8d719-408b-4ce5-bb1b-7dc143c7338e,
24a968f6-bd26-4ef1-90b7-ca75df777e56,
24ab4146-c63f-4a81-b996-5b9295e2185b,
24aeb8f6-24bd-488b-bef0-2e8fa59418fe,
24b01fee-8258-4952-9b06-75a5e245f8e7,0.526044 166.80 660.36 245.63 215.55 0.459469 612.26 584.44 246.02 260.86
24bfb6bb-0e87-45c1-af15-b861a0d392a2,0.489912 274.74 495.46 194.35 326.18 0.469372 610.27 356.27 222.09 512.13
24c16099-4e5d-42ba-bafa-d73e951f4210,
24c49b21-8b28-482e-9d8f-676a93811b83,
24c58628-ca25-4f93-a67b-259ea25c0bf2,0.587587 334.82 317.33 202.53 281.22 0.493538 675.96 241.85 216.71 410.13
24ccd4f0-d9d3-41bc-a346-229319297346,
24d6149a-a03a-40dd-b495-d35d7d7babda,
24d7a347-1f05-49d3-8aa6-3b0eeb486807,
24db06a7-86e0-4690-8d57-088ab93d3e04,
24df3a5d-14be-4d97-bb7c-96c274141e6c,0.590892 339.22 399.49 246.68 330.66 0.417936 730.53 368.05 260.74 315.81
24e04bef-a0c2-439e-9181-5fa26c162fa4,0.544696 623.66 134.86 261.58 548.45 0.525787 257.65 92.06 226.30 268.29 0.493682 169.37 384.23 241.38 227.61 0.471109 206.94 80.82 265.38 498.32 0.421367 650.63 332.03 212.77 323.11
24e16db4-65a9-4e5e-81d1-701c8fae06ba,
24e408ee-ffab-4bc2-b82e-356d87e2b20d,0.411190 621.11 222.13 253.89 524.59
24e41a67-aee6-4ee5-88ab-dec36b64836f,0.609468 161.24 496.70 217.44 301.58 0.488624 543.04 496.41 200.51 317.93 0.456368 179.06 581.10 168.84 186.50
24e94313-04e5-4550-a937-b67d1eea6796,
24eba2b6-584b-4a79-bca4-e4d38b240b5a,0.417873 256.48 627.59 175.61 143.20
24f7c131-9d07-4251-83fc-20ab9079e326,0.460778 519.28 315.13 298.67 284.27
24f93f6c-5d66-487a-a9a6-3bb4ebf749bc,0.445026 610.71 309.14 259.45 261.60
24fe325a-be98-405e-bbf5-cbe64aa82e5c,
24feae08-16b3-4391-b20d-7d48d7ff4161,0.478699 50.37 359.13 251.73 396.21
250cf344-9165-4407-9176-523e33f07cc7,
250d9e6f-afbb-4188-b61c-50e669ded9d2,
25172e23-94bb-4f9d-853e-a4a1d934491b,
251ecdcd-70e7-4aa2-91f6-208d61a6b41e,
252386b6-2a6c-4e45-98a7-9af73a1f9b13,0.649035 575.81 218.82 282.83 621.21 0.638754 110.37 206.56 308.88 626.59 0.421500 615.11 289.97 208.21 421.67 0.406009 144.14 293.21 228.66 423.20
252437ed-a4e2-4743-995c-65a4bb133996,
252841f2-7c5e-4554-8181-0c651a885d41,
252e33a2-395e-4abd-bc4b-b67e6e8e7fdf,0.569804 682.16 481.69 273.58 304.81 0.488631 757.62 516.52 185.80 167.63
2536f5d6-d9c1-4ba7-a63e-ce053b28b0e0,
2539614e-1dc5-4ef7-8381-7f113b5fabc2,
253a2ef9-6cd7-423f-a7b4-ed5dedffb8cd,0.583352 186.90 269.91 222.13 366.44 0.495592 593.82 257.31 237.62 315.36
2544328a-3855-4ccc-8aa5-90283213749c,
254b1774-3219-4a4e-9486-203b1867fedf,0.515471 175.29 327.60 215.93 363.79 0.447506 554.44 448.15 205.72 313.82
2552caa6-fad6-4ec7-8e7e-31eff2674150,
255354f6-9379-493a-90d1-5dd36ac660bc,0.617038 656.57 463.06 275.36 255.40
2557ee07-5fc1-4eba-915e-f52d3d898f1e,0.597575 687.86 291.24 241.98 379.94 0.596845 279.65 333.47 223.33 342.99
255952dd-d7d1-4329-a713-43039c15e2f3,
255a63e8-8a5b-4832-a742-5fbb8ef7d2f4,
255ed7bd-9995-400d-9bdd-67268e4a4a26,
255f3ba9-89bc-4ce4-840d-43267635124e,
2565d222-7628-442d-ae1f-af5cfab84559,
2566c9fb-c0e1-4db3-a61a-88ee9e4ba7dd,
2568153b-bdde-4292-8968-47f8e74cd400,
2572552f-b279-4e2d-b242-cdd09e5add7e,
25741edf-8a8c-4c66-88bb-7ef68f34dc77,
2578fa2d-6cf3-41d1-b233-89587b1126d8,0.445057 592.80 315.06 205.89 329.63 0.421708 621.44 339.34 162.81 202.12 0.408812 110.37 556.96 250.67 245.31
257e34f1-f461-45fd-ab15-ec4cbfada52a,0.578978 629.60 462.35 257.26 230.17
257f3de7-2f8f-4dba-a0e7-37fc3e6cc018,0.403262 524.79 571.66 179.40 144.04
25807932-ae56-4b41-8d11-6c7eaf18b81a,
258163c6-f895-423c-83e9-d51c0063619d,
25840be8-f6cf-4df1-893b-80412b99a417,
258b9d9a-79c8-40eb-a502-d4c07648ed2e,
258e3a11-ea93-4312-8efe-8cd0e34023c4,0.643675 614.82 334.45 247.99 587.30 0.599997 194.80 277.87 250.54 606.87 0.417072 655.26 518.15 194.36 362.99
258f5240-8010-4472-91fe-494f75d59a46,0.592861 57.21 425.79 295.14 203.06 0.542189 640.14 444.16 269.14 236.75
25906a3e-f26c-47b1-9300-bb9365c2aacd,
25988153-06ba-481b-9f2c-ef225ce2d420,
2598af1b-4bfa-470c-95d5-3ba472f033b6,
259b099e-9a42-40bc-b96f-229047e01515,0.493574 630.08 393.56 273.87 332.79 0.459652 238.78 303.26 225.69 335.54
259cc0a9-5cab-4520-b7df-96000477e3d8,0.478333 261.54 237.64 214.60 361.41
259d21d9-421e-4948-a3a0-cada6148b0e1,
25a9c27c-9351-4821-bd8d-6582ef859472,0.455349 131.33 250.67 284.54 579.54
25ac0f55-37de-4f1e-abd9-837bb8ff1dcd,
25b057bc-7363-4904-81f3-92c50d94486f,
25b2b0ac-12f4-4bd5-9155-25d94a5f11ac,
25b48729-772e-4742-80fa-3763b787d87d,
25b8d29b-958e-45a5-8b30-1f56404aea94,
25c38056-0ae5-45e2-8a21-4bf97ae380e5,
25c8710d-d4dd-4fb9-a46a-303accd58ac6,0.505619 222.48 359.34 254.89 529.32 0.463005 591.80 365.89 256.71 522.30
25c98e9d-637f-4e6f-8ad3-f9f85a7f7590,
25cd9c6c-01b0-4955-823e-f582c2fe3654,0.624965 605.50 206.02 229.32 379.66 0.599942 184.81 133.88 236.14 374.33
25cff4d1-9a18-41f3-a171-6a1e7087a1d9,
25d088e7-8415-4028-ab4e-bf20f27a81d4,
25d2e423-40f3-4c47-becd-e05908e3ced4,0.535240 192.80 520.82 212.96 372.32 0.528301 547.14 381.93 235.54 571.12 0.441861 560.91 617.31 202.27 328.64
25de07ab-673c-4b13-a256-a10f603ade9f,
25df7025-79bf-4b6f-8b58-dcb1268e1a22,
25e0c806-3608-4b47-a1e9-f6f0c7787eff,
25e1cbe8-80b1-459a-846d-2c59539c1050,
25e3c135-1274-407c-b34d-643460fbf617,
25e3ffb5-bfdb-4475-81ae-f24de5e400d4,
25e615d9-5bb0-46da-8625-0aa2ae1c64e9,
25e8816a-71f2-44f7-9ae4-ecf542b18c2a,0.401986 153.98 472.84 280.77 274.38
25eb25e4-35a7-4357-a112-264787e32094,0.523326 112.97 428.93 258.78 313.78 0.424757 95.58 229.17 304.68 533.28
25f09d92-e440-4e16-aca2-5baca1a76c89,0.524053 591.42 400.42 275.00 598.42 0.474426 168.30 459.32 244.78 510.22
25f1a1b5-e9d1-4f0c-a3c4-04093cf99a23,
25f6cad5-c636-48af-bea6-7bc4263ae253,
25f9f418-7ea7-4603-9756-8bc3ffa17f7a,
25fdf103-c49f-4837-a2b2-b0691ca3d877,
25ff4a6a-2ed1-48f6-9b00-448d559bccfe,
2600a8f7-a739-4d2e-bf4f-835fcaa45287,0.446439 594.37 445.85 222.34 351.62 0.429755 152.23 375.88 269.36 527.83
2602635c-7751-44db-82b3-ea47dd399121,
26043389-a07d-4fef-a699-079b4692f5c2,0.614936 605.99 216.40 254.13 507.98 0.607798 251.02 242.60 244.61 578.86
2608ca32-b4b9-426b-ba16-c6eb19f88450,0.499097 183.10 278.57 233.72 382.61
26095953-c59e-47ad-b256-290063137289,0.402196 278.90 378.98 140.18 148.03
260a7b23-08ed-451d-bd0a-ecbffc7c3d30,
260b87ff-df13-4177-90bb-53fb0618b1db,
2616069f-24c4-4d3d-8b76-c5564686eea0,
2616499c-8097-43cd-8864-575ba5d4d932,
261c2f87-c4e3-461e-b6eb-e9a01dd3d4c1,0.433007 306.92 491.03 158.05 182.22
261dcd8b-8a6e-4f8f-8ecb-a36460733b1f,
261e52e1-5c56-4d95-84a2-26841f98ed70,
2622cb49-48e6-47dd-9031-bdbf4467ed74,
262aefb6-740e-4af6-9ed1-e2f0a11a5aa6,
262ee9b7-31c4-424f-81b7-bb6ddb57b7e1,0.521318 206.38 572.07 176.92 144.13 0.425771 582.90 483.27 224.61 337.80
2634cbd2-0a3f-4503-bc07-b8f4f2da80c4,
263db843-751f-4cd1-b392-548fe40d2636,0.604710 590.28 202.15 277.08 529.73 0.565729 189.01 270.65 273.18 542.34
2644da41-6eec-40db-8e85-0bf261de690d,
264607e7-a410-4519-b0df-6e5db64c373e,0.428581 548.23 455.90 216.42 345.08 0.424784 181.99 217.92 210.65 349.53
264c657e-941b-484f-a392-476091d70c5b,0.420996 92.60 344.22 257.44 568.59 0.410091 522.76 363.07 249.89 593.25
264d4100-0a4a-460d-81fd-e781bbf6ca86,
264e5191-d134-4edb-aac8-01904903e7d0,
2657b0a9-63ec-43b2-810e-b665f879f309,
26586d01-b992-41c4-a7a4-c9f1f8d102ad,0.542377 183.98 385.91 231.96 362.36 0.464084 580.59 428.19 222.62 399.81
265c35a1-80f3-4db1-9a44-feb577aaac27,
265c655e-b97d-49b0-8b5c-83be37c0b80e,
265dd221-9049-4bca-b5c0-4118dafa55c5,0.490277 237.73 468.51 176.91 145.75
265ef9f1-3a21-4c9e-a8fe-740d8fae99f5,
265f1a4a-fee4-447e-9709-0fff15f2255b,
265fc72c-f5f5-41bb-ac15-7ced161736df,
26636455-c98d-49a1-8b48-7025f535f982,0.432114 728.22 564.52 236.77 296.63
2664366f-4f04-49e1-ab20-19b9173f23bc,
266490ca-ce52-4f5b-92ff-082dae7967c0,
267147a0-2320-4a54-85e8-a3950f0672b8,0.550154 213.33 439.29 211.44 239.13 0.458475 562.03 407.57 214.00 263.44 0.422732 583.35 422.12 170.83 159.03
26729371-ee9c-403b-a92a-23ee1bb0bb9b,
2676fc9d-7ace-4896-b698-17fc68131851,0.586337 67.44 440.79 274.03 326.05 0.476015 537.65 486.38 239.31 344.98
267e8c40-5334-4761-afd5-37052bf0c1aa,
268116a6-2304-4316-b5b3-3073fc5467b1,
268833a7-38e7-4c97-a4f1-db5175ea34ae,0.469852 626.08 428.44 219.25 354.71
268c4efc-36b5-467d-a63c-b334e482fa05,
268dd16f-f9d4-4626-897c-2a8939a73ab0,0.537206 198.74 505.91 264.02 238.32
26902670-d4e8-44e4-b750-5e95cf9dd3d6,
26903582-dbc1-4427-b9da-45e2fa00ed17,
2696d094-0bf0-47b5-bf0a-13bbb16a03be,0.556737 228.03 297.05 233.36 311.88 0.549819 627.67 328.13 243.07 298.92
26989b93-6b72-4c54-9e0f-d98d9a707627,0.551730 309.05 454.60 174.80 290.08 0.542841 597.37 509.41 160.38 146.57
2698f88a-e222-48fe-9488-99a08e517b7b,
2699ba79-7383-46e2-bf24-53b6bda87dfc,
269a357e-e53a-4ecc-95da-acfb3e0264fa,
26a068d0-e410-4b4e-a5fc-0bcc9bb4f035,
26a56a50-4306-409f-9b63-79e8c8ebba41,
26a8c9e0-13ee-4c48-924c-b7a7fe0ba83e,0.591856 551.50 333.80 215.62 386.87 0.551464 73.44 575.88 192.38 139.37
26a937bc-a3e4-41a1-9a1a-a63506d4b49d,0.532655 329.52 498.92 193.40 308.70 0.443944 616.58 430.39 191.78 392.28
26aff0c5-644d-4bde-9716-3b7605496da4,
26aff776-ff9d-40f2-b899-6b88f1355506,
26b4e5ff-cfa6-4b2a-b0cb-a431dd02ddd9,
26b59bc8-dd04-4093-876f-fb0667d3b43a,0.442747 550.36 243.15 230.11 374.35
26bf3493-da59-49e0-a702-eaa7bf823a91,
26c07956-e243-4d83-82ea-b8da718b0e53,0.477316 287.94 554.85 163.72 127.17
26ca1b4d-b59a-4933-9d80-d732c06ea93a,
26cb0d8a-d50a-4de8-92af-78d46355725c,
26cd4988-ff71-4d30-b36a-99645c022f90,
26d3b1ef-f18b-46b8-8feb-9eb3fcd1abb1,
26e6a647-3e28-4635-a0a3-008f359a673b,
26e7295a-4039-463f-974f-e6402e5c9fa0,
26e868a8-8364-4d43-8c22-736de9e5863b,
26ea7ee4-a364-4269-91f9-0fdb782616b9,
26f13439-9e01-443c-a503-bd8340cb7bdf,
26f31538-b674-4262-948b-74b0e9b4f872,
26f63e56-725c-474e-979d-17dab41fc9e2,
26ff7bee-7cc6-43d7-936c-ce3f27cb167d,
27016559-e694-413a-bc72-ec9fdb9c8bee,
27034111-0229-4ea7-8696-c8d8b92c2658,0.514176 667.06 556.12 216.02 262.84
2704fcb3-7b66-49ed-a5ba-ea20386c824a,
2705bbd9-4563-4bea-8d96-cc69a7f45ddb,
27065d7a-fe14-4bfe-8ce0-5151f3f05275,0.540972 246.69 262.76 208.29 347.46 0.528152 569.25 307.46 219.03 400.71
270e6509-5f4c-448d-bb55-822343311cb8,
2711f127-4a43-4e83-a3a0-c404c2a19e1c,
27161478-e5ca-40aa-98f6-777a59e96200,0.622754 583.91 348.31 268.09 616.40 0.590148 202.91 314.56 285.77 656.55 0.465830 618.22 408.37 198.95 401.58
2716e765-3e72-4a19-9486-ae163413958c,0.442271 563.39 385.77 226.46 310.47
271afcc2-a753-43cc-8560-2e4d246b1502,0.425548 534.78 200.30 289.89 629.72 0.404803 106.48 236.50 285.55 634.02
271b51e1-bc44-4bd8-a130-e211b716a201,
271dac12-ff4f-40a2-8d25-f89daba97f8b,
271f9a5f-127f-4f94-9d05-ace8f48c0f41,0.423681 610.90 433.59 286.50 305.65
2724a1d4-4297-4df3-9b50-b8b9732c13c7,0.436445 243.49 539.39 154.52 163.77
272be76e-0270-4c10-819d-c32ec14ade4b,0.494029 551.33 183.18 190.12 303.20 0.468763 226.69 280.73 226.13 296.92
272c0574-55f6-48c3-a450-a794a1328510,0.413555 564.99 657.42 251.02 228.93
272dd20a-8806-4d9a-b51d-8773d534f453,0.475925 595.82 472.56 278.95 250.53
2737456c-aa47-4bff-a3ce-389f076dd8a5,0.410783 234.32 569.64 190.72 155.19
273a038b-faa3-4d39-a818-3a565489f744,0.499457 610.38 557.07 281.85 237.88
273bdee2-1dd4-4dd2-a29b-92a29023f6d3,0.504553 625.47 268.25 243.49 350.77 0.466201 229.23 186.23 255.99 521.35
2742d025-e576-4659-b3a3-3c9e8ca06136,
27430d2f-310f-42ac-94a1-6682a267b2cc,0.456599 234.19 360.51 161.62 152.63 0.421898 221.43 332.59 210.18 269.39
2744b7fc-c95a-4071-ae23-4d91abc8ccb6,0.412157 203.84 450.28 182.28 149.05
2745b4cf-67c8-4f50-b4d5-9b44c073ea61,0.551339 233.10 288.22 215.96 276.01 0.537855 636.93 220.19 233.34 364.04
2745d0fe-c25e-46fc-b9c6-05ec96f9346a,0.445333 252.74 399.15 249.08 326.03 0.413152 699.07 456.08 266.38 269.25
274c940b-9c97-4aaa-a557-f8b97de6c268,0.437655 571.94 368.54 246.11 264.46 0.431578 244.17 227.60 207.86 367.25
274d7de6-af4c-4195-921f-2826156b7b5f,
274def79-ae29-4b96-a222-4489e79d54ea,0.650145 591.65 231.48 253.62 304.89 0.547952 152.95 111.35 281.86 528.77
27505a32-aae2-4cea-ac00-aa4093d8611a,
27522054-1b91-4f9c-9ab6-15aab6cca1cd,
27575233-562c-4859-ab7b-a8a5ec213252,0.437799 521.28 275.55 217.82 519.99
275e46bb-1b6e-4186-9486-6b5e1b5a1446,
2767048d-aef9-4a2d-be21-f8009f4f9b7e,0.553659 95.81 429.03 224.76 266.38 0.422204 511.02 489.77 226.31 288.51
276a4c77-21cd-4b77-b94d-5172a2ab427f,0.512753 232.17 256.10 236.09 397.64
276f3471-858d-4856-a0e2-1106a92175c0,0.626162 564.19 150.89 224.95 526.15 0.601352 180.60 166.14 238.32 520.15
2772133f-a612-4e10-9f64-e23aab41a050,
2775f13e-cbd7-4216-b89f-4c74126af11b,
277d7499-67f1-42ed-9e74-9a4d5f212685,
2783eed6-66d6-4ccd-8c3f-eee6d2c1e3b3,
278800cb-2add-4fd3-83da-144b126a455d,
278d3470-9e21-4a07-a946-f6b684beb751,0.546658 580.88 255.87 270.98 561.88 0.517466 190.75 330.27 234.32 398.78 0.412527 614.15 422.18 220.65 344.82
2793fcf7-a41b-4c76-a750-bcfc1632245f,
279433ff-5347-417b-ab70-51f06e227130,
27a421cd-4dab-406c-8e35-7da415db0690,
27a589e8-146b-4a85-91fb-8c27f529bb1a,0.520510 615.95 490.94 166.06 137.11
27ac2172-04c3-4735-ac40-3a9317a411d3,0.568115 601.27 427.97 255.05 384.04 0.543558 181.50 607.02 223.15 242.19 0.454683 157.93 302.89 262.45 541.65
27b2c589-cd2e-4da5-bc9b-496e0b042312,0.466540 156.25 491.54 237.58 261.81
27b3cd4c-44bc-4c61-af02-af2768877cc7,
27ba7a76-c614-4a04-982c-a652d7f51f85,
27bfde5e-6542-424d-b772-f92e99e22faa,
27c398ca-1fa3-4484-b3d5-1becd99f6105,0.604729 197.13 384.14 216.50 353.13 0.408109 583.38 519.64 258.36 303.79
27c4fce5-77d2-4b4f-b314-c97b6523ff94,0.441660 585.16 441.27 237.22 289.96
27c8ee6f-a9b3-43cc-a976-954c5caa0c26,
27c99065-7882-4b2c-a856-23d027a96559,0.420495 531.31 590.79 257.10 224.31
27cf448c-36b9-4ee0-ad14-dcf350f564b7,
27d281c6-ee2b-4ca3-b5a0-96622436b397,0.415558 186.49 699.09 207.42 275.27
27d28bee-7a75-4698-a1ce-2950ade2bb6b,
27d3a0fe-120f-488e-8cb1-4dd73afa755c,0.466318 162.10 554.60 182.42 306.92
27d57204-7826-4b9c-8eba-a62687bc9ee0,
27de550e-028c-4e17-b504-a62305551aee,
27e2e08f-207c-4534-8da7-412fb7868a8a,
27e53b80-88b1-4b72-94fd-0eb7f1a38ced,0.504970 201.79 509.10 244.90 226.21 0.480368 570.86 262.73 246.99 370.72 0.456221 573.21 436.13 252.68 254.53
27e74851-45bb-46f7-8412-defe6d91f4fb,
27eb5f4c-1fe5-4580-baa1-1193824d5233,
27eef917-370c-41a9-b97a-07fd4cf3fb33,0.577710 263.22 329.32 272.35 566.96 0.561573 646.88 276.42 261.34 602.83
27f321f6-9d3b-48da-84aa-02174c664582,0.653926 554.08 298.95 245.47 556.91 0.613498 166.96 298.37 274.89 511.35
27f82dc7-5f81-4236-a9d9-089fdf1518a7,0.407880 221.40 390.15 209.02 267.85
27fa5f79-6d04-41aa-a7a4-e4d57db6b98b,0.469358 156.07 527.29 162.12 150.73
27fce610-8145-4fb1-85dd-927e89c6cb53,0.481083 665.24 700.27 137.38 142.84 0.408487 140.03 620.85 227.83 215.41
280181dd-e918-4818-98ac-dca13221d9f2,
2804f57f-6026-438c-b910-3f11c01fe2f7,
28072866-534c-468f-92e0-ea14b79b9421,
280933e5-47d7-4015-ab8f-d6c12a846b9a,
2811018f-f803-4bc5-8a76-955fa316380e,
2815b7e6-1112-484b-b6ed-367c87e0e22a,0.512658 218.97 582.51 175.78 174.72
281e02d7-5a23-4cd5-96c0-923faa21434e,
28209e9c-6bbe-4832-842e-a5b040ce6364,
28232a23-415f-4f4f-bef4-248f5e875438,
2824b990-3060-414b-93b6-40e2ca9067ef,
28278841-6318-4065-a93d-47b80ee8482a,
282c7cf6-713a-45d3-921f-0a15c9e5ec1f,
28359f7d-723c-4907-92b2-7db519775716,
2836c671-b555-4af7-b1c2-25d73cb113f1,
2838eabe-5ddc-4ddd-8934-91e362d10d18,
283d9a75-b0da-4ce6-960d-8ab696300151,0.459095 179.58 289.60 220.69 416.71
283db915-2d46-4477-8cba-7345743efb40,
283e8230-90e6-4b3d-a350-37a56ad22c87,0.488632 296.22 250.80 192.47 337.34 0.477559 650.73 373.43 197.20 306.14
284b4ebc-64f7-469b-8b6f-79a9fbb964b0,
284e03e6-1cd7-46bf-aee4-da994c42cfc8,0.457306 610.92 190.58 264.71 556.08
28521ba0-b6b6-47ec-a1c6-3449d2ef2fad,
28531cef-f479-419a-a6de-82e45916534e,0.547835 211.75 435.47 200.14 368.03 0.474578 515.09 511.28 248.36 263.44
2853a995-743e-43d8-9ea4-068ffc6bf420,
28588c5c-5455-45cb-bb7a-6c06e34a56ff,
285b5785-cab1-4713-b345-51dc7e5bde93,0.586998 613.68 211.03 265.08 611.29 0.509612 194.53 311.38 236.34 371.70
285f57d4-98d5-4d75-b91e-cd21ac0ef1a0,0.503108 162.92 419.21 282.40 343.33
2860838c-8c66-4201-8418-ba961d011f75,
2865b97c-a54d-4029-89e6-e25725770eb4,
286c2c78-1a39-4fc9-96ab-90d496c54a4f,
28715b54-8198-4bac-b86c-cda1c039b7cd,0.569179 139.32 451.14 240.16 243.83 0.421912 533.77 414.78 225.68 343.14
2877d296-330a-4a33-9a2d-b92584d3555f,0.514620 188.14 219.31 236.48 302.03 0.420481 532.80 443.18 217.83 281.66
287ace28-6719-4027-8d17-c41e0419cc88,
287cb6d8-3d50-4664-8d95-417d9b919bd7,0.411495 193.66 448.52 238.46 230.57
28805c82-2a63-4790-9db3-b36f6576b8e4,
2882e9ab-3400-47f3-b952-62e1876eff15,
28913461-bfee-43a8-a955-c42ebb614a7d,
289578c9-2d3b-4571-ba3a-5b7e2b5cbd6e,0.465628 620.16 289.78 266.97 528.42 0.425534 158.43 285.59 289.90 570.86 0.420059 648.49 495.76 215.48 317.89
28a52994-65a7-4fe6-aa5e-adc0fd4535e9,0.492188 222.80 552.15 158.91 156.99 0.441135 530.59 527.61 249.87 253.32
28a7cdb3-6861-4c13-91c2-b51ea3e0c079,
28a86852-7fe2-4001-a2f0-4a1cee459f3e,
28a903f0-ca6b-4e7f-9587-7812b25e794f,
28b2a582-b3b6-493b-91a9-110747a706db,0.418819 613.44 363.05 232.47 258.76
28b36eb9-398c-4e2d-8994-73c64519b7ec,
28b6f49b-3660-4836-9c68-e552fdab7917,
28bc3690-8ccf-4baa-8237-fbbd4b8ece72,
28c25252-860a-4f65-ae97-c136b577da2f,0.539509 156.71 461.10 233.79 226.74
28cdfffc-0cda-4f89-9d11-c3705ee51f75,
28cea9d9-0b70-4a9c-945d-d321bf809c8d,
28d0fa7b-282b-4a7c-8a26-f0ffea5fe47a,
28d19b28-4b09-4071-a848-8ae64007b671,0.517756 191.89 413.40 265.37 343.24 0.404055 599.60 510.97 293.37 272.80
28d1dd60-8594-4f78-b627-7bec5cc238f3,
28d4a940-cbb1-4dc4-84f7-b862f8db5f7a,
28d83d57-c9c7-4c15-96e9-fe00092c999c,
28d9e106-c5b7-4f30-ad0c-dccf0f8ba09e,
28dc9ac8-e269-4834-8483-aeddd22cb878,
28debac6-3823-4e02-bc83-3fbb9ded1718,0.440719 581.70 180.07 269.92 506.61 0.408257 588.62 168.78 206.24 341.60
28df490a-1851-4c46-ac1a-54ec9617d0d3,
28df756b-3b5d-4ab1-baac-de295460d632,0.575643 212.01 272.64 167.43 178.31 0.552507 560.11 207.25 232.77 503.63
28df7a3a-7750-4845-8335-4374bc039122,
28e03bc2-1c2e-4c4d-ad70-1f0d6b74bc3d,0.446798 271.67 127.62 198.59 331.43
28e124e0-e71c-4444-ab34-3db1a5f7d1fc,0.484613 288.26 439.71 220.78 311.86 0.455017 618.68 308.13 230.69 493.24
28e20d9d-5367-4e90-b831-88ae6dfc3315,0.614887 525.03 164.56 270.41 627.90 0.473880 167.35 129.27 229.47 328.89 0.466960 555.42 442.84 218.56 328.89
28e7948f-0d76-4616-80e0-7e54f8691d43,
28f0e911-7f0e-43de-8b6a-70fb1b77f21c,
28f51877-4cf3-4476-af15-256738626d14,
28fb9812-830e-4f7a-8750-02005a3a68c4,
28ffb122-43cd-4ae0-8b00-880213e68361,
290132ce-cede-4fcb-82a2-69a106ef9576,
29048813-5b20-4aba-bfcb-8eed053e3e53,
290733ef-ee28-4533-9547-6bcb964145a2,
290b2fca-1aee-4058-a615-08dbe5d697b8,
290c3c3c-8864-43a7-894b-52edb4b21957,
290fe4d8-0960-4ff6-88fc-67341176c6d3,
2918eae9-cbaa-4ea4-a0ce-6f234a954220,
2919e9ff-9ae1-4a90-b9c5-2e804888f8ef,0.540751 252.38 424.49 219.49 283.72
291d3937-544c-4b98-a646-03868131a92d,
291fafe8-0596-4080-93eb-410225f69d86,0.479308 617.16 416.70 248.61 285.67
2927b995-6caa-41d7-9a63-a5268f6b6a23,
2927f7c8-4046-4df0-a5fa-7444cf69fb57,
2928bb0e-4840-4399-aeb7-6240de938d84,0.601126 304.56 571.37 192.87 319.76 0.502208 658.03 370.54 217.84 515.07
29319e8a-52e6-448a-b10c-0bc81695f71b,
29380429-cf24-49e6-aa64-dfc411204694,
293bc2b2-e005-4a64-9869-9165995f0ae2,
29420883-e102-44a6-95d9-389ee31d2be1,
29462625-6168-4494-9f42-2360e457907f,
294b4109-6ea5-4136-9a67-67b6a929d285,
294f447e-a691-4c34-9740-8e2554691d81,
2950b52f-0d4e-4c6b-ad7e-7052b750bf9b,0.530306 216.53 517.59 180.43 126.45
29597a3d-9fea-4da5-ac6f-8b8be9e84e8e,
295a47cb-b808-45ee-9162-7e6e755dd064,
295e7fd7-dfcc-4945-a8bc-b7bfcaea26ed,
295fdc53-a88f-4fdd-8392-15c8776cde93,0.429786 634.39 520.76 241.85 300.09
295ff681-9e3a-4516-b5c7-ae88015fd4e5,
29661bc0-02d5-47c0-bbd6-61ea4fae75d7,
2966ec51-452a-4841-a9c3-674e04292614,0.548501 723.55 125.84 271.67 650.67 0.505687 192.31 136.07 338.62 701.61 0.450147 220.43 488.27 260.46 308.27
29677804-ab51-45b6-ac62-02958292a69b,
296939fd-29fe-495d-a7dc-f7127240a9c8,
2969eca6-35c8-4e4c-8ba7-bb78273dec37,0.514111 220.29 218.87 237.25 543.11 0.492752 591.59 283.78 272.86 564.48
296b0b03-c75b-41f0-8bff-1dde57a80e22,0.446128 226.23 220.32 209.01 533.33
2971548b-c2b1-4b9b-bf50-00d7cc78f096,
29723dd7-47a0-4ec9-ace9-a1130e604d60,
29731a00-7f71-4bf2-b44b-1fc6e531dead,
2975a1ea-26b6-4aef-95e8-a2f914bcb087,
2975cc3d-94de-47cf-b506-f91d0514d6ba,
29762b8b-df1f-4b0d-ad70-fac6d7fc4d76,
2977d766-7faa-42d5-943d-ec65ef284430,
297be3aa-dcb5-4e28-9aed-69ac55d3dd41,0.402056 177.77 266.04 270.22 549.04
297ef567-0d06-473e-831e-6fe0698a2d66,
298c9dbf-f493-4991-9f9e-1eeb3c570bed,
298e22d6-f3e7-4f3d-8196-d95f7c3f992b,
2990c6cf-38a2-43cf-8862-0be71938eea5,
299151d6-ec2d-48ba-aaed-880503b013b8,
29920204-eb3c-4e94-8724-241c198f2f81,
29923e51-773c-46b9-81a2-ac44e8bdf8f8,0.484561 218.80 89.05 196.53 372.13 0.400432 562.67 219.73 272.81 549.97
2995760c-95b6-4c79-b6ad-c15316de38e1,
2996eb94-ba9c-4d89-a9f4-531a15fec52f,
299e8dc9-1ddf-4bb9-bbf9-6545506e10a7,
29ba9bf7-63f5-4b3a-a52a-8719e7b3762c,
29c237f5-8fba-454d-a832-d77fba372312,
29c436ff-bbaa-4ff9-ba0f-40fb7a521c54,
29ccf633-6c21-48e6-8fba-fd95691d8384,0.492239 129.98 388.13 277.03 531.94 0.422052 608.90 406.34 294.78 556.02 0.404384 150.37 599.41 226.65 302.96
29d145f7-bb28-45b1-8af5-3747341e1701,0.529877 541.33 241.68 255.44 545.94 0.482456 223.72 491.98 164.83 191.17 0.426953 193.89 229.46 232.59 487.06
29d42f45-5046-4112-87fa-18ea6ea97e75,
29d959bb-171d-487d-87b3-8637e30ba480,
29dfd9c8-ef99-41aa-8f1b-c24848b5a73f,
29e0eb1e-8292-4eb5-a335-75f5174de4d3,0.426474 191.90 249.09 213.49 334.72 0.406833 570.28 239.38 202.33 321.65
29e30dfe-0f9c-4300-89a7-cf3693839880,
29ea4ef5-f115-4961-9fe6-4c286a78fe82,
29f4ade7-a785-419f-8d39-9c7d57f3a296,0.475949 630.14 503.57 216.64 238.29
29f74eff-c4f5-49d7-9ef8-fdb051100539,
29fce23c-0ef7-4d05-87bb-b14d7b15db69,0.513535 201.82 400.63 220.93 291.23
2a0ad45a-78c5-4c3b-8190-677ad836460f,0.567870 165.64 245.89 213.63 517.12 0.461998 526.64 210.16 191.27 315.66 0.415703 541.18 232.54 235.45 510.88
2a0d2fa7-140c-49bb-ae85-4d6e597933e1,
2a0f9d8a-80bf-4999-a522-efb5e7015c31,
2a1276a9-c806-480d-80ac-008d1bcb469f,
2a146de5-ee51-4ffb-a01d-a4dedc2e647d,
2a157a24-21e4-4d8a-ba56-6b03d0651035,0.458320 233.26 393.87 183.69 248.99 0.436051 561.61 362.12 143.12 162.39
2a17e36f-a43c-44f8-bf50-9d36f7d5cfae,
2a19dc42-c7ed-486a-9bf0-8ab60b297326,0.506870 681.56 420.05 254.88 532.99 0.477218 257.49 511.23 234.57 352.89 0.469803 716.22 612.24 206.48 316.87
2a1f9904-f010-4210-9371-cea55daa52a1,
2a22ae7c-f7a3-411f-9c30-694d6e38ac7d,0.563820 144.06 431.79 260.02 288.87
2a266b8b-cd95-4d58-a018-f26f12d34f56,
2a27aad6-fdc7-491f-885d-44d5619a6cf5,
2a28b223-22e4-49a7-b827-acfc90029fc3,
2a2cae39-a625-41b9-a817-8389fdb07799,0.476162 129.02 562.21 231.60 256.53
2a31df3c-5131-4622-b63a-be9a058837bd,0.545833 184.10 659.44 249.08 224.43
2a322909-9ee1-4f88-a601-7160852d38c5,0.414954 617.29 455.71 276.98 207.56
2a32ada8-3fe8-4db4-865b-83e6f6f38180,0.467368 545.87 443.35 261.80 219.63
2a344d33-4969-4543-801e-0e3e89520eeb,
2a37006f-16a5-4834-8d0e-548dee597471,
2a38a2eb-9a5e-479c-9d60-40f55b4f4f36,
2a3fc253-6d7f-48ea-ab20-377272cd1bda,0.603256 126.13 423.64 276.94 208.97 0.402703 149.61 448.99 189.22 148.74
2a41d17f-89e2-4155-8588-81fc046d75e3,
2a488e98-8e13-4d63-971e-dc9d172beb2a,
2a4d3884-debb-4f90-88d5-3f998681d8df,0.466324 358.45 438.91 165.68 153.08 0.430724 663.46 439.02 224.47 354.07
2a4e1cc0-16ef-4d87-8766-256ad794a8cb,
2a51b19f-9ead-4a90-819a-cdf9b308e2e2,0.556924 220.32 276.49 244.02 383.10 0.404810 611.18 672.33 203.30 299.86
2a5269e4-e471-4aed-b421-01fb2e42f64c,
2a545588-c287-4124-88d1-7a17032d5cb3,0.542638 507.69 488.08 284.03 278.23 0.457792 72.92 446.96 249.51 325.18
2a5889ae-989e-405d-9675-8449b477833f,0.639645 704.82 130.35 294.51 623.53 0.608843 261.69 260.06 255.25 364.19
2a5ac8d9-1383-467c-93d1-8b635bfc931d,
2a5b26fd-61c3-42e9-a26c-cf2331b523ef,
2a5d326c-a979-4704-b4e6-5642dd89f8bb,0.493543 288.23 333.75 197.20 331.06 0.440501 621.88 290.88 218.47 464.15
2a5e9649-6635-4f85-96da-1f25e96b2528,
2a5f9ee1-220f-4614-87fa-cec51e537664,
2a655317-ec64-47b8-b3ca-6b347b7aad2f,0.602653 635.54 405.56 223.42 280.00
2a670192-9427-46c5-843a-943dedf6ac83,0.621152 217.98 264.62 210.04 343.38 0.513064 538.47 247.47 234.16 301.82
2a71e8d0-6da9-4cb8-b31e-1dc8a530ea91,
2a72fa32-fbd7-47e9-941a-a4e562b4a4dc,
2a731e8d-4b28-46ec-b22d-01cbcbf67d12,
2a7df7aa-1314-40da-afc5-7af58ad1bee9,0.406080 177.99 611.95 142.58 161.72
2a7f6cf4-8c1f-4960-b678-1fd44b1d89f9,
2a8142bc-98c2-45fb-b2a3-6b8d0d95c8bb,
2a83c58a-4ae5-47db-a596-1f3e1da52298,
2a89b8bf-72ac-4f52-8e8e-ddb451b33a3e,0.563279 620.73 396.75 273.25 248.56
2a8b084b-db3d-42a4-91ee-00f73266f82b,
2a9124dc-a484-4423-a61a-c7ac12d131d7,0.505536 508.43 390.70 161.36 343.82 0.478442 529.88 557.59 121.93 157.23 0.439486 337.30 443.35 100.34 184.74
2a91d7cf-831f-4691-b25d-23b6fad483ea,
2a94cdaa-c1b1-49e0-9edb-eb1ae4ff4aeb,
2a9a0416-70f6-4a7f-b441-284c2604d335,
2aa0b0ed-814a-4d5f-8d13-38fb3e74fd7b,
2aa6506f-a7a0-4057-bc65-e56a27370698,0.529944 216.63 487.89 203.96 386.39 0.488889 584.47 493.05 189.39 365.77
2aa79908-4a8e-4a7e-bb58-804ccb16dba5,
2ab3187d-b284-4779-8192-d4ee7f147c47,
2ab5ad27-c2cb-4e6d-b6fb-bf902aec5b8f,
2ab60eb1-862d-442c-b25d-6aafbe253571,0.521417 178.36 361.12 254.70 500.16
2ab7d4ea-97dd-4bb4-a803-6d39ea8d6be2,0.461498 260.64 456.88 208.18 272.61
2ab87845-c94e-42aa-b64c-8a6d880193e4,
2abcf934-facd-40fc-a75e-0062441fd206,0.553864 198.17 268.36 203.02 374.54 0.516061 526.67 197.88 223.07 524.79
2abd6efc-20df-4dd9-ae53-2c5f7c5a52eb,
2ac2f354-ae86-4c87-9ed7-38c842c6e604,
2acddcaf-1121-4c5a-8891-b70a7b5b3648,
2acdfd2f-903c-4b83-950b-266c4a5a8df0,
2ace84b3-22d0-4fca-aa85-d047979d8f2e,
2aced5e8-cf72-4f1f-a8cf-707de0a1ddca,
2ad7f18d-fd3f-463a-b758-7c6ea837f758,
2ae109bf-47be-4645-bd8f-003dee84da0b,0.522784 551.80 285.98 254.98 538.62 0.498840 160.56 271.11 263.64 528.77
2ae28df1-2084-4000-9327-177953f4b18c,
2ae5bc25-2e13-4905-b94d-a9240d86d499,
2ae5c877-44a9-4aa1-9f18-297599d90342,0.581707 575.40 137.85 251.87 579.67 0.581132 184.86 101.28 254.45 556.51
2ae90a2c-813a-45f4-b350-03814995e418,0.447497 575.31 365.07 236.01 352.49
2aec6d89-6abc-4fd5-9ed2-a5126b7becf6,
2aed1baf-8e50-490f-abd0-2ce2d2469ea4,0.598541 310.24 204.18 182.53 361.93 0.549398 568.96 258.32 175.88 353.88 0.410930 332.19 344.12 146.84 192.85
2af2d0c7-b138-49b0-8bf3-65aaedcf0682,
2af35a62-3a6a-4e18-8c9b-059a8e0fcd6b,
2af5993b-c01a-4504-b998-d936f2f79cb9,0.583584 224.54 209.25 230.64 537.35 0.549250 569.29 200.72 244.94 523.42 0.437612 590.37 256.03 193.20 311.72
2afe02a3-06da-42fa-b68f-3e9c921e5fb9,
2b001299-52d5-4af2-a49e-32adb7df1837,
2b06329c-fae8-4a2a-b8e0-c59de0bb43db,0.442535 184.57 415.18 258.16 223.12 0.431891 595.67 314.23 249.81 293.16
2b0652d1-2313-49a8-8758-18ebadadb620,
2b07bf92-761f-409c-9f56-d85fd0b33a43,
2b0bfba4-ae3c-41a8-9e21-c3053b896445,
2b111931-60e8-4281-8f76-a7181ae96837,
2b1135f1-c115-45d7-9e92-c2c9779e92b1,0.434374 206.70 396.22 139.18 144.55
2b14a096-e4a5-41ca-85dd-10d7863caa63,
2b1aa227-cecf-4845-9743-a2214c911975,0.495364 575.50 344.78 204.61 303.64
2b1d3619-3d81-4d7a-8a39-69daeb1982df,0.567026 625.06 391.03 249.94 338.59 0.533529 138.07 222.60 288.18 611.83 0.450213 153.13 534.46 239.90 263.83
2b20c1cd-d62d-49d5-a5c9-43780436c308,
2b22da42-be15-4905-bfb1-5f17a02c18b2,
2b2a11b2-12b5-48ce-9b3b-39c91f8a691d,
2b2d704b-cb66-4bcc-afb0-4eff225d620d,0.507681 179.20 277.99 232.26 326.26 0.435037 519.55 108.24 192.89 343.08
2b301603-0de0-4c9c-89b4-81b91053e9ef,
2b3445b7-61d4-46dc-9328-1a45fee158ad,
2b346292-8750-4d11-a55c-5c375bd0f882,
2b367d8c-05d0-40f2-9c80-7931f41ec71c,
2b39cb1a-d8fd-4227-a74d-aee511b66a58,
2b3a47c7-8fd9-416f-a9a9-04388c11546d,0.417221 180.56 371.38 214.21 230.54
2b3dc649-9934-4210-b03d-b4282997b4e1,
2b40b6f0-9d7e-4f20-bc5f-3086d1eec7c1,
2b419ca4-0ce1-4eba-a59f-dfc24b74aabf,
2b427775-da63-4fc0-a2cf-d1dec1aa19f5,0.418942 72.89 266.72 235.03 340.61 0.408554 447.97 315.98 231.03 393.68
2b47029a-b0e9-4d5a-807a-62c8e2d36855,
2b49fd25-ddc6-4e8c-b04b-5e61402caeb4,
2b4e2c18-847d-45e7-a00b-6c972393631e,
2b5037ae-c15a-4d5f-93c5-4bffe67bf7f8,
2b54e5d2-8c8e-4b8f-8128-ab0fa4a7744d,0.467149 308.05 140.53 186.10 345.24
2b554342-6224-4d4c-822c-48a56a522c3e,
2b5f9923-0ee5-42cf-b6bc-5d16ac75e9ae,0.517590 601.26 366.43 219.66 364.62
2b62bfe4-8fcb-4666-a3c9-44aa6fa0d9c2,
2b635aad-66e7-49da-808e-14f59dc98fe0,0.534502 553.59 193.16 285.61 565.32
2b63addd-3dfc-4bba-b1e5-fa6e6e49996f,
2b64c32b-7575-45df-844d-dd466c698eef,
2b66662b-5184-4b18-b7f4-b18664527d8d,
2b683a4f-e04f-4da9-9a89-2dd5faa4b82b,
2b6d67d6-5a6a-4a8c-ba05-87a6c00d6c08,0.410623 640.20 258.50 259.78 537.02
2b6df336-4ab2-48d9-8f10-120c6120bf98,0.507997 139.35 389.88 186.52 327.07 0.441414 400.21 350.27 206.69 363.87
2b730fcb-2568-4fb2-8964-98f4c171142f,
2b76e6cb-fe51-40da-bfc6-54253dee41f6,0.494456 137.26 188.00 211.85 286.29
2b7d087c-a5ec-4f67-a37e-847c22663557,
2b83d54b-af50-4c15-9d53-d3b1c5381678,
2b89f974-3c79-4ddb-a141-5fdbbc09f20d,
2b91bd91-7e7f-4d19-b0c0-5bae62ae1978,
2b948f4a-5131-465d-9f27-67ff15370499,0.510764 248.02 283.43 127.49 145.31
2b96d291-2dbe-4756-9d6c-d23efcd863b8,0.425727 546.51 383.70 250.71 294.44
2b989809-abd6-4430-9c8f-4805723d851b,
2b98d69d-6e7c-4d51-af53-c3fb16301c08,0.470696 102.72 337.02 209.05 360.68
2b9990c6-dd10-44e4-9d5a-5701a964a57d,
2b9b510d-85f2-4c82-a742-955d2f4fd17a,
2ba09a39-3935-4b61-8119-266a0fa153ec,0.565762 195.49 554.97 179.91 142.45 0.482688 597.56 399.07 229.62 276.42
2ba33562-3b2a-4d4b-9a8d-2da5100c2a9d,
2ba3df76-d959-414f-b466-4bc0b4f41135,0.401724 191.24 258.09 220.53 276.05
2ba6e94e-5020-4bc7-9d9c-eddb49f496af,
2ba77bb5-5808-47b4-aa37-4e4a70786b97,
2bab0fc9-a519-4c93-8e54-e20c596669e7,
2bacaba5-1a0e-44f9-b654-c384aa466ea8,0.647967 596.46 313.23 291.15 637.45 0.616997 172.87 268.17 281.35 622.89 0.520958 202.16 470.53 208.37 356.85 0.483532 646.39 541.44 217.08 360.59
2bacef12-1a74-46f1-8c7a-3ea5da506a42,
2badcdd6-4733-47ae-bdfc-412bb853e9a1,
2bb2c31d-af87-45e3-961d-5cd6f2639119,0.620055 577.94 189.88 269.41 642.66 0.600406 145.64 226.83 283.16 560.47 0.476836 173.16 372.18 217.87 358.86 0.439564 624.85 337.06 205.74 416.22
2bb5fb3e-0a7d-42c1-bec3-bf86f6fe4029,
2bbcf539-6aaf-4511-9b60-a25806e66b99,
2bc0753f-a2c9-41c0-a251-a7c8ae3f9292,
2bc0fd91-931a-446f-becb-7a6d3f2a7678,
2bc676d8-9b52-46ac-bf77-40a8846326a8,
2bcc5188-113c-4c20-a0bd-f1c19f985a45,
2bd1eb03-1494-4f10-b024-af68cad7d545,
2bd29296-2fa9-4708-bea7-2a3ea286723d,
2bd3afa7-414c-431f-ad98-0d1b03f175b8,
2bd6c4a0-b178-44d4-9426-4dfb4ae0763b,
2bd7a6e1-bc2b-402d-801c-0026d21e81bd,
2bd856e8-928b-4963-bca5-89e764cf5320,0.419350 700.73 633.48 160.52 155.15
2bdb8628-8fea-4b99-a12f-c09f1afea857,0.544701 146.89 258.54 143.67 126.09
2bdcc1e0-076b-4dea-8054-f33375e1ca9f,0.439151 547.43 456.98 241.67 281.50
2be12301-eb2a-409d-8a84-92bf849c3247,0.413881 596.78 264.77 220.39 363.21
2be405ce-d581-4e02-bb92-04c5145697fe,
2bf0535d-e5af-4773-bcb6-022bbc0fe887,0.436653 224.71 346.07 216.65 415.82
2bf2a8aa-8bc5-409f-a87a-37c99afca3d9,
2bf2fa51-11fe-4b7d-afa1-3b373fa2384d,
2bf62f44-4770-4e2b-89a8-7ea1b75b5116,0.400288 183.82 385.00 248.93 215.78
2bf67143-007c-42e1-b0ef-24176e09a9cc,0.505367 284.59 392.29 153.47 153.10
2bf6d427-bdad-4122-9f66-7a1d119cf81b,
2bfc6b06-b180-4b11-85b0-e349e470e9ea,
2c0009ad-af3a-47e9-afc8-ccf64caa6597,0.412176 291.89 335.70 199.32 438.93
2c04746e-07a9-425a-962f-77373cd87c87,
2c097f0d-c690-4bb2-ae19-cf7cf08a4192,
2c0a9525-08a8-4bb5-b26e-5b5ee15fa2eb,
2c0aad4a-7618-4254-933f-17c5d64331e3,
2c0d42af-c948-4939-b0d4-84e9834d6daa,
2c106e49-84cd-4824-a12c-c2e737f31fd7,
2c11a41d-b819-4a69-9c77-829045dcda07,
2c14c6b4-985b-4606-b4a6-fe050f011cfc,0.404372 265.18 195.43 280.96 624.64
2c177d65-c29d-471e-815d-74bdfad9497a,0.426381 622.67 379.47 224.75 298.93
2c18260b-22c7-4f05-9f43-9867ba93b519,
2c215710-59e9-4d1c-ad71-f39d665e54aa,
2c2352b7-a303-45cf-b085-3ac46b1e02ff,
2c23cf15-6954-4ad0-895b-06e4d4090095,
2c2502ab-8c4c-4142-b7b4-a1b36bf685a0,
2c267bbb-7bff-40e9-97c1-b102e9d1fb73,0.413854 223.59 378.83 213.87 357.02 0.409201 224.01 391.95 160.85 137.80
2c2686b4-0892-443e-a18e-fc60817a7166,0.456174 631.08 443.48 229.25 357.56
2c2a1ddb-6e71-4c6a-b897-adeab5d88cb0,0.547922 242.80 532.83 188.25 283.53
2c3127dd-1cd3-4bf6-99fb-08dd4fa7b852,0.549565 486.83 443.55 224.71 517.02 0.524644 171.06 487.36 192.70 408.41
2c392528-045f-4ff7-a10a-1a71487f3f17,
2c3fd796-9222-4122-abdc-e9ed268d8055,
2c477c64-f775-4edb-a72b-336aba4cef59,
2c4a669c-c52b-40ab-a687-feda3e7d603b,
2c4d9d50-bb03-4d73-b972-4f9ca8b90661,0.564785 570.82 227.34 300.59 591.22 0.562729 104.09 253.73 301.94 562.75 0.410769 140.71 299.73 238.27 291.72
2c4ebbdb-3186-4f09-bf3c-0fea6a085adb,
2c510ddb-efb1-4e71-801a-07cd5459a73f,
2c5202c8-c08c-4d3b-9131-4697062b76b1,
2c5268ee-0a0d-438a-a5aa-b8255f68e4ff,
2c543fc5-9506-4853-8643-d9f9b5e8b318,
2c573f9a-7e56-449a-a585-6105eb563237,
2c57f3c2-af21-40dd-a7b0-16b5c04c419d,
2c5b8ef5-ebed-4b39-91e0-d59ec302503a,
2c5e747a-0a10-4691-bbcc-af76e1c3591e,
2c5ecaa4-5235-43e9-8a7f-83b4f62e683a,0.520708 251.69 462.80 217.14 338.82 0.490542 641.37 366.20 269.69 475.61
2c5ee3d3-cc8b-4d90-8c50-d55b9ce39d6e,0.416314 279.34 375.07 233.78 265.09
2c61626f-bbbc-4081-950a-e11463990eca,
2c61bb7e-b4ae-436b-9a71-97daa5c23e87,
2c64542c-4e31-4d4a-8a31-a8947996ca98,0.602127 184.89 189.10 228.44 305.39 0.601439 585.55 135.86 209.78 393.56
2c675f6f-eb9c-487e-a89d-a4e071233d72,
2c67a56d-23dc-4277-8d63-ce3fb5afd4b3,0.469296 624.24 298.86 260.21 552.20 0.436039 215.98 596.57 237.71 251.83
2c6b6907-5c4d-491b-87ec-6814ec4b751b,
2c6c9370-cb38-4745-83bf-12fe68142e20,
2c75136a-992f-477a-8a51-ee23fed87917,
2c767923-238e-4355-98f7-140a6111f1f4,
2c76c5ad-25c6-4987-ab4b-95f425a9dd79,0.466936 65.53 373.68 294.60 495.78 0.421314 501.73 438.32 268.44 516.45
2c77fe0e-f3d4-4845-89f6-b03ad7ad5138,
2c7a42ba-3b07-4cbf-84f3-0fe7f4379bf2,
2c803f00-663c-483e-beee-4b8f1f710f9b,0.472095 558.24 256.10 203.42 285.84 0.408845 255.43 216.69 185.64 281.96
2c822697-8fad-4661-9978-94d8a22371e0,
2c826ec1-41d0-401b-ada3-0f92d194c716,0.636794 646.84 298.73 165.39 126.59 0.466366 259.44 338.93 200.67 319.57 0.417985 607.04 273.46 237.89 180.11
2c8a875e-7e0e-4137-848c-c39fc7677db5,
2c8e073e-7fcf-4f85-bc54-5b8e03cbf6e1,
2c929ddf-362a-4701-8501-2ee7f6abed22,0.537359 181.04 372.16 225.74 250.64
2c957bda-4e33-4558-94a7-f911fb2c0944,0.600531 171.91 273.16 274.84 536.26 0.587399 566.61 284.25 269.11 552.79 0.418544 594.24 442.84 213.28 340.80 0.407267 192.07 465.29 217.29 301.65
2c96653c-ddeb-419a-ad37-8836eab89773,0.423998 64.25 449.30 257.43 259.13
2c97b392-6cc9-489c-a379-92ab76e0df97,
2c9854a0-cac6-411b-8579-986e03ff2e96,
2c9ff0b6-2ec0-49f6-85f4-54b424c9df7a,
2ca90a6d-daed-4b84-881a-f2c804bc8ef5,
2cafaa81-87f2-40e8-a7df-947de34103b3,
2cb404ed-bb53-42fd-8d53-327073e317eb,
2cb5895d-53f1-4660-a7fe-53a5aadbceba,
2cbe226e-abd7-4c75-94ab-a4c048c253d2,
2cc5ea9a-77a5-4d7f-9b54-9cc15c496730,
2cc95db5-41a8-47d6-9bee-de5c9490b623,
2cd203a8-a766-4141-a1cb-9c17bd4d8f54,
2cd2cd73-fc7c-4707-98c7-af9f35494c3b,
2cd87e35-29b6-42cf-99c7-0b6815cce40b,0.414796 249.53 219.43 273.05 581.44
2cdd0947-ec15-4210-9abe-3fd3d6cf4729,0.518128 627.28 312.29 237.18 362.82
2cdd3a1a-75d5-45bb-b8b4-0568cadd3f2b,
2ce40417-1531-4101-be24-e85416c812cc,
2ce59fc7-dba9-4d07-affc-ba7c3bcf6aa3,
2ce66821-8300-435e-9d63-5f5aad217c3d,
2ce6fe97-ef28-4368-a1cb-fa5f4c6717f2,0.402784 171.57 63.18 249.52 580.36
2ce75763-641d-4901-810b-a7e09580574d,0.422799 249.71 620.44 218.46 247.12
2ce9bd15-5511-4fc8-865d-d23ab1321bf8,
2cef1037-2214-4108-ac0b-351e23fa31df,0.517963 604.28 487.49 189.83 136.27 0.450469 569.85 470.78 255.84 204.27
2cef7047-89ac-4a3b-84c5-9641933c6bd5,0.584941 655.54 435.04 208.38 299.74 0.531435 686.29 465.34 160.38 190.25 0.484835 230.08 524.36 221.57 238.88
2cef9f7f-788f-4d0a-93ef-e82bba91cfe6,
2cf1426e-9663-4c08-b37e-960e53f1225f,0.523246 232.50 289.11 198.74 291.96 0.513046 540.17 161.18 241.85 407.60
2cf31164-d6db-43c0-beb4-90dd15363216,
2cf52eb6-785e-48e5-ae35-6b40da8d024e,
2cfa3844-c593-4893-9d82-29f48e32b864,0.420266 560.65 660.09 258.26 272.32
2cfc1c2d-5de1-45f5-b7a0-d225a6bf186a,0.505288 258.51 454.86 197.37 131.84 0.416464 610.44 445.02 242.37 278.85 0.402763 670.94 233.86 142.68 167.82
2cfd9155-1552-4e11-b87a-4a87eff05057,
2cfda55a-6021-4740-a2cf-89abb2909762,
2d0cb51a-83ec-42eb-b44e-f7d7cb30ada1,0.577770 583.35 443.93 210.68 376.62 0.526474 220.18 398.56 219.59 358.73
2d0cb523-9de7-41d3-98a1-d8fcd371e28d,0.555144 609.36 407.80 197.76 338.90 0.466531 332.23 437.58 177.18 302.58 0.429444 336.77 548.06 146.88 171.80
2d0f4ad5-a180-4eb9-841b-4a67224c08f7,
2d135c50-4094-4984-a9b6-a55b955773eb,
2d153160-a838-4622-83fb-911078613c99,
2d15cca5-bd2a-433e-9dd4-8f427e81f31a,
2d17ce84-86f9-4153-8d91-3a75ffe303cc,
2d1adabc-7430-40a7-9728-d556d864d953,
2d1c672f-5583-4dea-aa29-fd0f79d579d2,
2d22ce36-f92f-49e6-a77e-4ebea9247c21,
2d23e774-78fc-4c4c-beb5-5504f915dc27,0.569248 640.27 459.85 165.35 180.72 0.473811 216.27 392.71 211.98 246.93
2d2633d2-b5a5-4f56-901e-6599355cebd4,0.596355 523.35 398.26 226.42 280.49
2d281227-f786-4bfe-a4b7-f900a2f3d23e,
2d284b8b-2c41-4374-b082-db8e3f8cc18c,0.476141 211.06 233.87 261.82 547.10 0.457617 599.88 251.49 289.48 586.27
2d29c5d7-cd1e-4fb7-896b-c55b69ca6c96,
2d3442b4-85fb-42b5-a095-9b1fe2c4d371,
2d378bda-1278-49cf-b87e-81bbc4478c14,
2d37e84a-0e82-4fc4-b20a-de306a63ca67,
2d3b3772-97ad-466e-a5cb-ab2e5d1ed15c,
2d3cfc9f-d0b7-4c6b-882e-cdde29b92bcf,
2d4601dc-0937-4865-8f65-9fe572129477,
2d47e0cc-2626-4fd5-81fe-01754ce50a0c,0.502668 181.66 194.26 244.27 531.80 0.450325 173.85 460.80 209.51 253.47
2d4a621e-f58b-4a3c-876b-69ddc1c20167,0.520593 643.97 394.00 297.57 599.19 0.502924 23.46 322.62 355.15 571.63 0.446984 41.42 487.59 304.83 332.61
2d4d4aae-bbe2-470d-9f9e-886a0ac63ff3,
2d5836dd-1753-4f27-8c73-e6b5a459bbd0,
2d5d0fc8-314d-41bd-adfd-52f1a1e3cc5c,0.610050 181.76 319.45 224.10 310.38
2d5d8ecc-3ee3-4c9b-bb86-3f614a079585,
2d5f9a95-1a11-4471-be50-b6dabf02e310,
2d65f02d-cb6f-492c-a2fb-6cdb9d562824,
2d6778ad-3faf-4d8a-9e90-a5aed71ac75e,
2d682b94-2c9d-4bd3-8b59-bbf22616beab,
2d697b2f-ce2e-403c-88c2-3759da1fe620,0.497343 450.35 258.87 204.44 352.40
2d6e1a91-60f1-424e-9512-60f7f12b4f3b,
2d6ecd46-1683-46b8-bbe0-2356622a62ea,
2d701694-3c54-450e-a236-46cb724f5679,0.484029 234.35 465.74 227.31 279.12 0.437162 210.82 275.66 270.81 495.58
2d70844f-b516-43f7-8bdc-a6d56b5c81de,
2d73fa32-ca70-4084-a5eb-952988afd789,
2d74db0e-9a5a-4763-8451-ad653405c3ab,
2d75812d-0a61-4e29-854c-e0ebbb6ff1e0,
2d76b5ea-17e8-49a9-a342-9daf21a912bb,
2d77734e-9ccc-47e8-a3bc-eee7c719a271,0.468838 177.17 373.99 157.56 170.55
2d7ecb8d-02e1-419e-b924-6dbb2e4bb5ef,
2d7f5392-f56e-413a-9129-fa51a6189d26,0.589819 270.59 348.25 201.26 365.66 0.502173 586.12 309.56 242.09 503.25
2d8334fc-2356-4d28-ad50-1bfd79e677e2,
2d8495e4-e8f5-4755-acfb-7b7b68798fe6,
2d851001-237e-4889-8978-51a7a3826742,0.458280 234.42 278.39 199.13 349.14
2d8b52bf-231d-4b4f-8405-6a81a1d19583,
2d907148-70a5-4848-a0da-6f40473deef9,
2d91a1eb-0ad8-483a-af65-e272023c3525,
2d9371c3-2f75-4d9f-8562-6f03aa576f11,0.427372 199.32 161.56 332.80 671.67 0.402418 694.21 440.17 219.44 283.84
2d939ac2-7fa6-4016-a1d6-742ff9fb6bbe,0.519909 232.97 616.27 213.63 300.72 0.493097 642.05 484.55 231.95 278.12 0.440903 225.98 383.12 255.70 532.01 0.402994 335.44 334.68 145.34 167.01
2d958b72-ac2e-4117-86c7-ecffc5fc1f2d,0.544360 584.23 513.28 235.45 269.83 0.509877 211.42 658.38 225.68 245.90
2d969212-d171-4fd9-9a7d-0109a72962c6,
2d97e7c4-9d6f-4a59-9f1b-31cde03466e0,
2d9e909c-bfb6-4360-b65e-d69a3fbd0ba6,0.497334 644.03 381.39 270.99 356.76
2d9fef3e-7129-469a-97e2-b2637fff3124,
2da4d7c9-ab43-481a-af25-ec20ca66e746,
2da5f2e1-c85d-4a26-bf2b-cbe8fe8e3594,0.560313 246.08 501.93 198.66 338.55 0.499124 565.80 301.21 250.74 588.27
2da69f80-c59d-4e4a-b7e5-1d631ef4186b,
2db2a370-977a-4f87-ad51-cca37e5e5b3d,
2db3f026-9b97-482b-bc8e-35cb490709fb,
2db40eaa-a8d2-453e-9f06-33e1df95f3b7,0.438699 230.38 484.36 194.42 265.83
2db9ca27-e965-4bcb-bbbd-708eb66625a6,
2dbac7d7-9100-4861-8e15-fa2adf82c6e3,0.486687 283.06 312.12 237.39 369.38
2dbb9a07-6add-43f3-a58b-4f607789b235,
2dc40698-93d3-4310-a9f8-d8ee88cac98f,
2dc57d64-67fa-4de7-aad4-b1f37f504b96,
2dc8dfb1-33e1-4de6-8e8d-25f203605b22,
2dcb24a1-d06f-40de-80ba-20e44f233395,
2dcb73d8-07ab-4158-9324-a00bbbdf8093,0.402583 217.42 455.01 204.82 318.99
2dd0b928-c0b6-47f3-a1a1-b538e058ed13,
2dd86bb9-61ef-4efd-843b-da1b58ac5092,0.579262 167.13 330.69 233.75 347.22 0.435994 546.03 244.54 246.23 511.94
2dda43f4-d50a-459a-9a66-d4639af5416f,
2ddba8d4-f2d5-400a-90c1-56bc987363c9,
2dde7f7c-84e3-4a24-a159-353377438e30,
2ddf7620-8dbf-463f-a485-629c5fbfa5af,0.638037 130.27 257.08 241.78 308.10 0.506553 493.53 296.47 247.54 376.06 0.407717 141.90 325.23 181.52 204.24
2de0740f-d701-4f3b-b91e-abc4ae59baf3,0.453479 175.03 311.99 219.87 271.87 0.423866 186.56 370.18 159.28 168.49
2de21def-1d19-4204-8189-6c4ce33a5aec,
2dea221c-84af-4d05-bf37-c29e6aef85e5,0.546088 150.10 162.85 265.56 598.96 0.537098 547.96 222.32 263.23 578.44 0.459967 171.49 556.97 180.21 179.04
2decd097-e919-4dad-a2cc-a3a6e4062efd,
2df29894-5303-4050-9b98-a3e0b654b464,
2dfe35a3-5aef-43d1-9971-98ff5b813601,
2e00f7b7-ea1d-4da8-baa1-ffcbcc60be8d,
2e03e987-0877-4c41-93b9-a7f3bc74aec6,
2e08f9cb-6e35-45bd-9f8c-ff85f76c70b7,
2e0ab721-5b64-424c-b96e-1f945717e28b,
2e0ad52f-7fd0-49d2-b320-f89198f19823,0.602256 183.74 441.39 234.20 274.59 0.571282 583.63 465.72 195.67 351.95
2e0b62fd-fdff-4038-a06a-188d2a3aa8e3,
2e0ee049-6ece-48ef-9399-689fa7ab780e,0.507492 223.83 348.63 206.45 322.25
2e0efeb1-5529-4b3b-b2fe-3e3e0aee0f2f,0.401789 141.09 347.88 217.98 355.46
2e1220d7-1c72-4afa-881e-5380d356bca8,0.620940 706.67 195.98 270.33 617.94 0.591571 257.92 218.19 292.53 542.20 0.501304 740.31 406.15 201.71 353.38 0.411133 290.94 285.69 222.03 335.79
2e164bb0-2b22-4ef4-954a-8e748a2ef263,
2e18279e-0068-4ef2-9c10-8bbb6fc9272e,
2e194355-bbe5-4755-a828-bf4e3710d5de,
2e1a4630-2cd8-4dae-b867-6628b2aa1939,
2e1d6a10-2b80-4912-82aa-1f97bec211ff,
2e1de52d-7796-4c25-b972-e2712fca6e7e,
2e1f64dc-4b8f-4cfb-950d-800abdbc833e,
2e26ac7e-9271-4819-a86d-6139d6ceedb7,0.404178 621.25 562.01 272.16 297.55
2e27d646-1edc-4bb6-80e7-dc425c69f133,0.423467 516.87 375.75 260.63 248.03
2e33d9dd-2803-45f0-878b-d0e29cb90459,0.451460 318.21 379.32 203.52 329.57
2e34e10c-62b2-48b0-bd44-ccb690b3f461,
2e34f8a5-9ac6-4ecd-adc2-8bc821c7560d,
2e3ecfed-036f-4e83-97a2-e25a64e525cc,
2e3f9604-6f57-4332-90cf-5aae2081e36d,
2e3ffe3a-dcf5-4b51-adbe-513faf17be4b,0.579847 157.45 151.40 243.84 544.59 0.525958 511.72 179.42 221.51 503.63 0.436786 531.14 348.41 189.14 285.33
2e459d59-a093-4e75-bf90-6d561881b167,
2e463db6-45b1-4670-b207-78ddbf96e7aa,
2e4a1318-c21b-462e-a387-6d77222b99af,
2e4e7205-8ffc-4b26-bf0d-8e5864b7238c,0.533031 290.96 138.40 250.28 525.32 0.453855 649.04 227.05 246.16 547.62
2e4e79b7-004b-436b-81fe-0fe90f29fb65,
2e4fecfe-a70e-4316-b964-db2750c9cb5d,0.402082 144.91 411.90 171.63 172.64
2e523af9-ce17-4d76-bf38-8e9c075e0474,0.401042 597.09 450.83 175.28 157.74
2e537ba4-d7ba-468e-8e7f-6a20432ef64a,
2e54219c-2697-4e07-ae76-da8f776130ee,0.415502 541.46 475.79 225.32 357.95
2e55da7d-3425-4ab0-8648-ba4bed7d95f6,
2e5ab719-7447-4d3f-95f8-5ed5c8c736a1,
2e5af9e1-d540-4ee5-8102-aeff3c69026e,0.431904 205.90 187.28 269.30 630.61 0.425780 618.74 195.95 170.56 176.26
2e600572-801d-40be-a6aa-627baad344dd,
2e6738e9-cda3-47a5-9975-6c5dc4ca6c63,0.566312 642.82 294.03 259.29 305.15
2e696db4-4fe7-4de8-a4ae-ac4cf76e2c03,0.606276 640.91 353.38 199.54 377.41 0.498987 297.67 197.90 229.59 350.51
2e69c952-c3a8-492e-aa98-c3a8de18dc09,
2e6c2b9c-a7a1-4e6f-81f8-2e6d07490c1f,
2e74f5a7-5959-4b0b-87ea-18b0fa308e7e,
2e83ea2a-a296-4a5d-8553-e2a0a4b5f46b,0.544852 226.55 552.53 179.18 187.26
2e83f620-a0f5-429a-8d9d-50bc1de47c3c,
2e89f38d-5f51-46ba-b887-c17a6f1e3741,0.477025 183.38 311.31 225.90 284.83 0.418357 540.00 293.23 210.39 329.94
2e929adc-551d-426c-a25d-2d767ccb0c18,
2e93fff9-dab8-410b-9c44-48e023b0f686,
2e99fed9-1d35-4c12-8f24-7d2be66e2a38,0.501270 300.93 162.33 264.85 591.22 0.430897 699.24 310.36 240.45 372.55
2ea0e3dd-d671-42d0-b5db-0d73c79b4b82,0.579986 566.72 226.13 290.37 600.71 0.560047 165.96 275.95 272.74 570.36
2ea1ed2d-6423-4948-9a11-ed9f2132b881,
2ea32c58-de2a-4085-bd7c-7b158bd681c8,
2ea6243d-2c01-4efc-8111-e197b8e0ab8f,
2ea8264d-3d10-4ac9-931a-1119b2d053ca,
2eaa9b6b-9bbc-43e5-9e30-86fc78906e6b,
2eaaa116-9983-46e9-bb80-a5f8dd3727f3,0.594897 626.85 414.93 169.80 160.15
2eb07f02-299d-4c51-abd1-8d6f6486f5f4,
2ebc2dbb-9603-48b0-8cf1-20c087cebb4d,
2ebe84cc-f15a-485a-ab05-e42c8f8d2a1d,
2ebf08b7-83db-453f-bba8-9abc4caaacd1,0.463650 553.21 209.61 295.23 582.72
2ebff610-133d-4eca-bda5-deecf5aa1417,
2ecabfca-75b9-4874-9b30-3a5b1b42b2cd,
2ecb147c-cd0c-44e5-8407-d77faae38ad8,
2ecedf16-2d48-40cb-9dc8-04eafb81dd39,0.531112 133.66 486.83 168.72 161.87 0.530537 541.82 378.82 205.13 384.18
2ed227d4-4374-4a16-a835-73edf92a9d3f,0.521950 571.75 534.65 229.31 368.38 0.502508 136.66 330.99 263.68 528.21
2ed254c5-9431-47d8-b10d-3b5f4593e65d,
2eda18e3-c271-4085-a599-92dda93b2b1f,0.451292 662.05 388.38 236.27 275.09 0.448182 235.22 268.81 255.55 509.55 0.405200 685.24 423.75 187.86 168.52
2eda3822-959f-40b7-8547-04b62705066e,
2ee5e42f-f14c-4af2-b04d-631c27674dae,
2ee66cfa-c3e2-4328-9182-1b14b801f5b6,0.512216 486.30 78.53 194.00 274.09 0.500506 123.36 183.75 214.66 499.11
2ee770a4-6c15-42ab-9c14-ad37ac54e983,
2ee93122-72e6-4568-8f46-d1454d6ffe1a,
2ee9ce4f-c752-47cd-98dc-87017c6745f8,
2eec3d8b-5153-4e45-a1e8-345ffcfea1a0,0.534416 258.06 517.22 161.30 198.25
2ef4f132-0eaa-40fe-b73d-69636e5ded35,
2ef5f49e-a679-4504-95ae-4499868bd5d4,0.511132 324.40 254.82 164.15 170.19 0.502880 655.00 278.73 254.21 504.31 0.471658 311.03 215.18 207.43 283.08 0.428737 659.96 311.35 210.41 289.43
2ef94893-26cc-40b0-b6fc-abd9384a3fdb,
2efb2937-67a5-4e5b-afca-9e42be5b7c87,0.522661 208.89 233.88 208.54 407.52 0.478407 543.93 197.46 225.19 498.12
2efce836-c584-4c12-99ef-399c4b08a894,
2efd4438-6385-4c97-8869-82c83e739756,0.452125 591.96 432.55 202.63 282.85 0.436857 222.20 462.74 175.96 133.79
2efdecc5-1b2a-48cf-8cf7-1f736bbbfd75,
2f01bcc0-b142-45ae-acf5-6090386f714a,
2f03499e-96e3-4f52-9e96-495d40775aa9,0.567757 257.31 499.72 204.28 310.71 0.505034 618.43 438.31 225.12 276.59 0.406342 270.03 537.35 159.59 186.68 0.404955 650.83 526.36 178.96 162.25
2f05627f-60eb-4a46-85d5-69b8c0391643,0.557312 106.72 341.95 255.58 545.13
2f0e3cf6-b2cd-4e6b-834a-38463ad413da,0.461345 584.66 414.85 272.78 241.76 0.418582 646.09 426.14 193.20 138.40 0.418372 132.81 564.34 245.65 212.39
2f12b716-4c79-42d2-86cf-d1954ccef413,
2f12f186-c7e8-4799-b351-e1f32ede9cda,
2f14988a-2252-47ca-b6bd-a7561ef5520d,0.463902 587.11 429.53 244.57 246.70
2f166fe5-26d7-421e-9c42-4b2e805cdb96,
2f235782-b322-4685-b644-e96dc480f0d7,
2f279550-0173-4db1-a57b-c1af4ce6060a,0.463916 581.33 288.74 197.70 361.30 0.447135 282.57 326.76 200.64 361.77
2f27d72f-4e93-482c-b52e-d15db6e66d9a,0.419163 138.68 522.30 166.05 140.98
2f2b1aef-a998-4a84-a2d7-dac703bee754,
2f33cb7e-b6e9-46ad-b8b1-d59494bcc1d6,
2f3d1b45-e5fd-462e-b52c-502926a00839,0.427956 180.94 542.99 155.16 126.37
2f3f043d-d8f2-40f2-a163-aa0f499804e8,0.640287 558.23 246.99 305.61 599.25 0.612257 77.02 151.65 321.76 583.78 0.501269 97.47 329.50 253.45 348.75
2f4562a7-ec65-4a86-8cc4-2fd276a62332,
2f4d3c32-1bd2-4fa9-807f-6461601cc7c0,
2f4dcc33-3ccc-41ca-8b33-9db707891518,0.553040 520.14 256.13 240.70 529.62
2f4f2cc7-367c-4cb0-828f-0140bd7f65a8,
2f51fab1-8b63-4620-a888-fdb75f3e5388,0.560515 668.80 425.27 210.70 331.70
2f589606-445c-4933-a766-fcba79020784,
2f5a23ae-f66e-4205-8c60-8da654adbab5,
2f5e84c1-2060-433a-8184-493e8d1f22b7,
2f612e6c-474d-474a-875d-f227a78911cc,
2f646733-0892-48e4-a5d3-1bf84c892052,
2f659e67-f1fc-42db-be6c-45fdf86e23c7,
2f66dd10-b3f9-4efe-b6f1-25daa01b0668,
2f6abbc6-0f2a-4951-9eae-10b784fd74b7,
2f6ca235-d1f3-4a84-9f4a-645f9b536672,0.573400 572.64 320.85 285.86 577.87 0.544682 161.48 548.80 243.94 336.07
2f6d1947-0c1d-43fd-8c32-809f8d7da390,
2f72b057-b2bd-4235-a012-41b38a34618e,
2f74122a-a4be-4e22-a8bc-ea8e693dff4a,
2f74b11c-e4b0-4142-b150-dec87d0bfaef,0.574906 113.57 417.27 216.71 295.07 0.496574 127.07 493.16 170.52 187.13 0.417855 567.83 467.16 209.87 357.02
2f7a2252-615c-46e3-b800-2f300ade9916,0.487310 583.87 349.63 189.22 329.05
2f7af3e2-497b-4e8b-98c9-f1a26ea995e7,
2f83b12a-4c13-40c0-bbad-4f5392e38f59,
2f8774be-65d0-4583-b51b-3542b040ad30,0.508068 310.42 459.73 149.73 184.66
2f9119ab-038b-4657-a4aa-d6e83dcb6800,0.462687 129.75 548.77 189.44 285.96
2f92f9c5-0a5f-4905-80cf-5bb762e6465e,0.513834 259.34 306.58 223.97 379.76 0.432947 611.73 371.54 236.85 301.08
2f98a34f-f901-4c3b-8861-492918155dc7,
2f9a56fb-377a-4578-8944-3232679e8342,0.621760 252.89 395.18 227.07 350.63 0.559896 598.23 450.75 216.55 346.03 0.488866 643.44 482.65 158.44 178.78
2f9bfecb-2f3d-4a23-b112-060db48248a8,
2f9fc03f-4ee7-41f8-b072-3c5f3f4e90e2,
2f9ffa0e-5c1d-4d36-beb8-8e6d0b6a817a,
2fa0a5b1-4be4-4bb9-a4a7-1d9989afdbf6,
2fa60d06-2183-4145-856a-29600b8b0013,0.592270 255.83 191.96 216.43 375.69 0.500634 637.82 363.02 241.16 301.74
2fa863e7-65e0-4808-a1c2-5e15b8157470,
2fad6fb0-9611-4fed-9095-38b20d0c7511,
2fb08ec8-48b2-4a8a-bfba-834fcc728451,0.415292 283.30 545.05 166.81 171.11
2fb162af-ea85-446e-bdf9-c84d49a78f6f,0.511590 261.20 432.74 209.26 228.54 0.401461 707.49 548.55 158.78 127.95
2fbac962-a13e-46d6-b924-57c5e089fd15,
2fbceaa4-7df5-499c-bab7-f7f75f56a817,0.507734 366.45 458.68 233.45 252.64
2fc24a0e-4768-41d3-baae-711077d5bcc0,
2fc5d25d-d8ba-4c44-be7d-a665911d2191,
2fcba0c2-b470-4d23-8701-f4d2fdfd700f,0.501559 234.70 482.33 160.46 165.94 0.423079 503.72 371.72 217.08 269.21
2fcda80a-628d-48fa-929f-60d097e468b3,
2fce36f6-ab50-440f-a2e0-3960d88ac2b5,
2fd17ea9-5654-4632-9dd3-a9ec6c81aaf4,0.485143 559.89 281.13 207.31 420.16
2fd4507e-c4a3-432f-a8b8-03fe70f51eb6,
2fd63c75-dff0-4bb1-af53-4def325d6a01,0.414464 588.81 373.54 176.32 159.81
2fe24433-b547-4f79-819c-a0afa5cd2409,
2fe3ba48-ce4d-42a4-8eda-99e3eb40d5fe,0.459802 246.79 549.01 195.79 303.07
2fe44d47-5ec2-48e5-bcfc-7376a0bad13f,
2fe866d8-0cc2-4f04-a6ef-40b4830813fc,
2feb78d1-e0e0-42d5-a7a8-ef42e655bcac,
2fed3ad3-93c2-4700-b297-451313082bca,0.527874 233.53 522.78 267.26 207.63 0.408261 651.11 573.95 255.82 275.35
2fed6de4-af54-4b45-a188-17ac855a7360,
2ff454af-772a-460a-9b9e-2c6ceadbf0b6,
2ff6f390-1e4c-489e-91ac-6b18448a08db,0.491723 258.06 603.74 182.42 178.11
2ff722c0-839c-4a62-b695-503f776f205e,
2ff95f9e-bada-492a-8e17-ccec1781b9e7,0.410261 617.75 575.67 252.55 298.58
2ff9e61f-1666-4ea2-b649-66ba3d71377e,
2ffaa0b8-bef3-456b-ac73-e4d88073c3b8,
2ffcb353-6d57-4242-bd0f-7840d55a8906,0.577140 177.90 493.56 225.31 263.99 0.472118 559.76 259.68 222.15 499.22
2ffe2cf7-5d2d-47cf-b5ec-399afe023b0f,
30045189-e13e-4fb1-9814-f79d9ac703dd,
300ed19d-d398-4e56-b131-555f3a9a4017,
301bce09-ee2c-45a0-9e33-89763a7bdc61,0.482437 117.41 437.06 269.35 245.82 0.454129 554.10 141.04 279.00 537.97
301fa177-ac7e-4d1e-88f7-b6e51d54cfe8,
302451eb-3ff4-40a4-ae2a-e37ebf8b6d4e,
3024f1ab-d681-4432-a5c9-8ce3dd27073a,
302c4757-0a14-41bc-8ada-0798742239bd,
302cedca-3fa5-4110-b1ac-8075af374d81,
302d8a19-5868-4286-be5d-a9be0b7310c1,0.450824 590.12 234.12 263.41 540.28 0.424458 192.02 365.08 233.70 340.90
302d9dca-10d7-4901-a1ac-c6e4dbc080e7,
302e3d7e-da8a-4a3b-99db-df8bb659a770,
302e7d89-c44d-49b1-805f-39e111755975,
30357021-6800-46cc-88e7-267c5c9fbaa2,0.426610 581.65 585.24 257.39 260.50 0.414432 144.52 200.70 300.71 580.67
3036896f-9a42-4e66-a745-4fa2a428ef7d,
303744cf-63d4-4c7b-aa5e-30b50c66ef35,
30384474-2ef9-4cd9-813f-4c5559c18e1a,
30388b30-3486-4269-b050-2f48d973e358,
3038ffea-6002-410e-86ec-f59a5a306526,0.651716 153.72 337.29 294.74 624.07 0.640365 607.38 345.55 289.32 622.39
30397630-0cab-4ce3-a038-13fa7cd94b71,
303c255f-fdf9-414e-8463-4b799f5839c4,0.497568 581.34 165.58 225.43 419.97
30446bad-6b8c-4067-a008-6730efa1da5b,
30451f0f-6692-4633-b234-94ae2b5960de,0.466599 536.52 106.48 282.94 598.68 0.421618 571.00 454.37 242.62 324.50
30494056-3e98-4094-a546-1f60650a73fe,0.506737 192.54 386.05 216.33 350.94 0.412136 583.71 499.09 250.69 275.49
304d9302-cbbb-4026-89e7-7df7da41e422,0.426861 292.43 578.45 138.15 151.23 0.409419 581.09 517.42 216.66 211.84
3052367c-ccde-434d-9ed0-2d5f364e4b04,
30541a5b-fe0a-44eb-b031-ccc3085b7f7f,
3056555e-cd00-4d98-b02d-43f3097a6c3a,0.628388 680.09 251.33 240.00 365.92 0.614579 288.22 213.60 247.39 370.37
305693d4-6acb-4bf0-90be-4ff2a218689f,
306046b1-6d19-42f0-8cde-98c84f923afa,
306da180-4249-4659-9ea6-1c2ed1455668,
306e457e-bc71-465a-955b-f8e6b8f3ccd4,0.430548 155.98 241.85 277.06 578.05
306f9134-2913-4da1-bf7a-36873b83d5ec,0.437436 183.64 269.48 242.41 497.71
30737dbd-5bd3-42e0-b30f-0ac1c2901797,0.480206 126.04 541.37 189.89 147.62
307411ff-1d18-4fac-acec-bcf02ba27c0b,
3077ddd3-b069-4e72-a06a-b6edcf06bd99,0.580585 680.79 237.01 157.69 166.53
30805bae-d556-49aa-822c-89b93b919f47,
3082c117-cc8a-4bc3-8aaf-2ed602d0810c,
30867665-1918-4b21-b3d4-b9772a918fdb,0.535733 244.69 140.62 197.10 382.60 0.508104 528.73 162.79 197.53 404.72
30875d7d-8fb0-4055-9df6-700d9c579452,
308bc6d6-3d67-45ea-9764-2b1fc6bd2244,
308d1be1-7a4a-460f-8429-0e02f1ca51fd,
3090e21b-706b-4ddb-b730-a5276b953bd7,0.552632 198.06 196.72 242.57 421.76 0.530984 598.46 199.06 232.99 375.18
30956603-11a9-49cb-a5e6-8b8ad18b9b13,
309c1bc5-eec3-478d-9dd5-e5fbc34c057d,0.551942 605.41 307.84 157.22 166.85
309f4a7b-5687-47c7-ae62-90ac57a08e5f,0.568125 191.24 230.81 193.16 310.15
30a3b04b-6164-40ac-9361-b0beb0ffe663,
30a4932f-d7b3-4727-b0bc-72605b530913,
30a5ec6a-ca1d-4125-acad-92d3474dc5bd,
30a6bd84-033f-41be-a322-94c88cc6461c,
30ab8c8e-d840-48af-b59b-f8eb77060419,0.590715 524.46 281.36 270.68 547.43 0.578752 94.36 284.81 269.32 507.69
30b58949-65e7-425c-8fd6-ddf3f8e5e055,
30b596fe-fdf8-404c-9d3c-11341fd91ee5,0.479596 559.75 376.96 234.33 310.36
30b8ba34-b0b3-4def-8b28-a169221d755c,
30bfb4b0-f852-4ae8-9aff-d89a6987facb,
30c01a73-7be5-49ab-8774-bf090f053d1a,
30c0a304-f309-422d-afed-b5614565206c,
30c0fddd-fda9-4889-8e7b-b13602c6d1b2,
30c8b24b-4a43-40fd-9d71-bb2eea4fa1b8,0.420386 632.61 483.70 200.10 346.90 0.410977 263.54 451.03 222.20 349.78
30cd501c-1bbb-4258-8f4b-526e085f2353,
30d9a35f-3297-4a8f-8906-ce6f95da218d,0.464229 604.29 453.44 260.37 272.24
30d9afef-c6e5-4dc2-9d44-604b98b435d6,0.621193 146.76 240.99 248.44 354.02 0.519295 594.43 304.55 259.91 234.78
30daead5-b84a-47ad-b055-41d887b2ea38,
30dbf3fd-feab-4a36-b42c-c044ec13a9a9,0.573420 626.72 389.35 236.98 359.89 0.550584 263.07 288.11 227.05 401.73
30deb7c5-090a-49a7-a00d-a8f65ba96af2,
30e1dc40-c72a-45bd-b754-d6054da69eee,
30e28d63-56f1-46c9-8cd5-42f821342cf1,
30e2f3c5-3315-46cf-ac57-b1ad8bb32f9a,0.547666 322.17 426.24 123.23 152.10 0.438351 519.60 325.92 166.72 287.31 0.433976 537.98 401.50 137.31 171.71
30e2f478-cb79-42db-adf4-18498894a668,
30e36566-9754-48eb-af84-456454c076d1,0.495211 168.60 563.69 192.54 157.27 0.424983 577.21 449.42 241.14 261.55
30e38475-ba3a-40f2-976f-b73908861f3f,
30e45e69-0bea-4f2d-a0d8-c84c641b9f0b,
30ec2070-83bc-4698-8913-9ec89516940e,0.415268 664.41 467.92 295.72 275.02
30ed769a-8105-47a0-8d1a-4692f5df5fad,0.409378 214.35 461.69 175.88 137.47
30ef1119-d75f-4504-b472-a8fd612388aa,
30f042ff-13e4-4f89-be48-8d7ed8618ebd,
30f09a8d-c8d2-416f-86cf-b56f5c99ea07,
30f45cbe-06c1-4d04-aabf-89c46b85b12b,0.502091 492.09 379.88 252.58 282.43 0.418688 75.97 369.04 229.32 313.43
30fe50ee-4108-42fe-8dfd-27b1e61dccf0,
3100902c-f278-4730-8edf-1c1d6fc2f491,
31023556-644d-4c1a-9a94-fef5c5f52782,
310a54ff-adc2-421e-9478-6f16c814aa20,
310cda77-3c07-4630-b4be-663fde5a6db5,0.523455 161.59 361.93 187.07 346.19
310d7a3d-488e-4abb-aee2-051361807739,0.450693 238.82 496.06 183.22 132.96
310ec695-c874-453f-85b2-d02162fee735,
31102373-7949-462d-bb5c-58d2ba6afed4,
311107a4-d6d8-495a-bf9a-5bb83cb0ea56,
31158084-0b59-4f9d-8309-d7254c6ec915,
3118dca6-06f0-4e04-9274-e75b78b3098a,
311bcc53-3b2a-4744-b34e-0b4275bfaab3,
311d7a49-5733-4dd6-9332-e046bf107f8b,0.480561 322.51 358.95 160.15 142.22
311db5d7-eec8-456e-b6cc-5c078dce0bed,
3121b0e5-ba65-46b8-ab40-49f94fba7078,
3129f567-c659-42f8-b4e1-8a5e3827b477,
312ce1ee-4aee-42da-96dd-0371a8430824,0.645810 214.01 211.61 265.55 558.49 0.585388 570.90 240.67 253.87 559.53
312d9fbe-dd26-439c-a2d4-8db9075893cf,
312dead9-f2a0-42c6-beea-9d0ce85de61a,0.460475 604.63 334.55 241.23 517.71 0.457816 245.38 318.28 215.25 394.83
3135b442-13ea-496f-b5ba-e0e074494c16,
3138294b-6fbd-49da-b606-f0c4f765d9d8,
313a472a-b7c6-4e89-9bc4-ea83f4633d25,
313ce9b9-3fe4-4354-aea7-707eee7db3ab,0.531697 729.23 476.83 198.93 277.77 0.451067 277.19 178.88 258.07 560.61 0.411251 275.80 258.34 211.87 303.79
313f7f44-f566-40f2-bfec-54cc571b7344,0.444010 320.33 444.81 117.96 141.87 0.431822 577.03 496.00 196.93 139.68
3140ad27-ac31-4bf5-b74a-e2742ba630ef,
31427b8c-af64-4bf1-91b0-32768c847536,
bfe9f3bf-d184-4fcc-95fd-b5195da99e20,0.498987 246.30 292.05 238.81 493.15 0.447704 611.46 434.61 216.16 365.70
bfec16e6-874f-4083-954e-7031d559f05e,0.415579 174.36 424.79 209.89 321.27 0.403243 550.81 423.67 211.82 367.20
bfecd96e-8826-4936-b01b-86cdb2004f06,
bfed1172-fef5-46dc-8dcd-ba436b3ae518,
bfed4174-2767-496f-a013-dbcea318f9ad,0.453472 190.29 267.91 217.83 398.59
bff10284-7ffa-4e7e-bd19-49a61b36bd94,
bff4d9e9-8206-4109-a2e8-4c2aac78404b,0.454237 650.23 245.69 250.45 595.42 0.421221 261.28 196.49 256.50 589.26 0.412813 274.41 585.03 178.99 170.79
bffaba0b-e40b-4a7c-acc0-694c015a905b,
bffb0d66-0f20-41a6-bfa9-ca8acafd378a,
bffc41ca-8869-4740-8ced-4c361eae015b,0.434946 246.10 507.64 236.15 296.98 0.415018 672.77 370.26 282.89 535.52
bfff5d71-87ab-4530-beb9-ff017b6160a7,
bffff3da-0b19-40a7-af3b-e832bf9b45ec,0.603123 634.65 168.30 245.04 560.40 0.594417 279.75 152.87 252.84 537.75
c002e66e-aaf3-46ad-b1ce-1ab12f795c80,
c0074c6c-78a6-4160-8c71-b445d9967065,
c008eff7-942c-4675-937b-d18905e8c770,0.440643 215.34 633.26 159.01 127.47
c00a132f-6108-46e7-a67a-77efd3d2d0ef,0.440343 242.86 469.04 134.50 167.57
c00b393c-87f3-46da-895b-823c290b0171,0.423497 175.45 319.94 260.58 520.80
c00d549b-7fef-49c1-a400-39e4724496f4,
c010c077-36e0-4e44-ae67-c53d1a5992cc,
c01261ad-12bf-4ac1-8621-96881a939fd6,
c01c3753-a43e-4640-add6-7c1ee6740ade,0.564617 618.66 345.83 283.80 328.43 0.439480 116.98 369.33 311.43 283.19
c01ca942-bc95-408c-9c71-8845a817bac1,
c01eda59-a25b-4995-8f4d-863a1e633826,0.481008 537.21 510.04 253.52 212.36
c028bb45-6dbc-4152-9bf5-3050e393c198,
c02d68ed-3ae8-46ff-8e86-bcd2cc14ad0f,
c031834b-2296-4991-ac96-8495ee9a1231,0.429842 160.47 430.80 225.87 247.79
c0359e31-2399-435b-9745-af2da190886f,
c036f4b6-e060-430c-8ded-55b7f09ae43d,
c038896c-a4d7-4e16-9cc7-d6a5d89f8012,
c03b0ef6-cea0-48c9-94ab-cd028740b31f,
c040e4f2-467a-4078-beef-0ff693cfa952,
c0435af1-0524-4d84-930a-eb55d2cc5cb3,
c0460ef6-44a3-45ef-beb2-ed1b13c88e5e,0.472350 253.91 389.95 218.90 327.24
c0471814-5d65-4868-94cb-e9ff37439619,
c0479e08-bd63-4dc3-8334-a6e3b5469987,
c04c5925-3428-42cf-ac98-9096a0ce8c1c,
c04cf0fe-7b2f-4bf4-90f9-abbb041c108f,0.502938 629.83 447.17 263.15 275.54
c04e3eeb-80ec-46f1-81e4-4186ece11b3e,
c05576db-505d-422a-a41b-52029015cab8,
c0562697-eddc-4aa8-8635-4010fb5ef989,
c0581ffe-dd70-4b94-8c20-7755e12b0dfa,
c05a341f-e8b7-438b-a8d7-146dd746a2aa,
c0619d50-76c3-49cc-af20-3d2779c96ad7,
c06462ab-7889-4876-95b5-a20fd2a71408,
c0662eac-8a07-4ba1-9c8a-e4d15c3ac067,0.441801 588.83 353.19 186.01 139.85
c06dcfa7-3dca-49e2-a94a-28c354e0f876,
c07239bc-922b-420e-9f30-dede391f9fad,0.517589 208.68 370.10 197.47 321.23 0.494822 575.25 507.82 233.78 259.78
c07625f6-dfa7-44c6-9dff-4702345444f7,0.608028 217.30 295.49 262.41 541.15 0.590276 639.15 296.56 256.28 547.71
c07be578-7dba-4f48-9d41-ca336d9823de,
c07ea5c4-ce0a-4f94-bcfe-64c7399adb9c,
c0808f4b-2487-4786-a204-3b76b8ec3313,
c084b75c-915e-4691-bb40-c16d7e1695a1,0.550914 712.24 229.43 244.34 563.53 0.517002 349.50 152.43 250.37 530.29 0.470510 362.43 328.41 201.29 312.42
c0879c39-e94b-46c5-a8be-2408e1d21716,
c08fe556-bde0-4c18-bf5c-32231f92abac,
c0957a54-79af-4505-a5de-c49c52e7c959,
c0975b54-8922-449b-950a-70308820b56e,0.563600 256.28 199.15 216.34 412.69 0.450957 606.70 411.45 244.03 292.72
c0996b19-8cdf-49b9-9865-d906fac2a434,0.504218 633.50 381.18 181.47 304.71 0.440002 661.09 397.84 142.92 183.65
c09ebc4a-9c22-4a8a-b584-0f90d3fe92f2,
c0a24e30-4b10-41d1-91c7-a089985d5512,
c0a2978c-82f7-42e7-975d-c4eba156dfdd,
c0a4d39d-2848-4827-8d32-a21cb6f4e05e,
c0a533e9-21c9-4c3a-9165-410eaed5b294,0.621188 598.74 89.68 281.52 560.56 0.587178 214.50 165.59 223.35 270.17 0.539708 635.36 215.17 223.72 345.86 0.466046 192.71 154.68 255.26 547.66 0.441039 211.85 507.59 163.60 198.32
c0c0b012-30fe-40d2-b9ee-cf2004950558,
c0c1e77e-5af0-4775-9136-342345d901de,0.495965 465.64 332.33 206.07 343.90 0.490303 101.58 256.16 241.15 529.03
c0c629fa-2d12-4534-a792-a70e1f6c967e,
c0cdf524-c836-423b-aee6-65afc46567db,0.435344 289.89 452.77 157.60 163.34
c0d0c7e5-5775-4780-9071-583c4f89e105,0.616060 248.20 430.22 202.41 320.77 0.573984 577.31 266.93 240.62 546.66
c0d6bfee-4fae-4c7a-b229-ea9a69005cd7,0.538046 200.67 380.09 144.02 147.20 0.405170 479.37 271.37 226.59 486.01
c0d73fbe-80c5-44dc-94f8-85f757be171b,0.402984 568.29 439.68 260.81 198.86
c0d961d5-159a-497a-8b6b-f65ac28b35a6,
c0da3ddb-a443-4865-812e-7bd7584a1723,
c0db5d9d-74f1-43f4-9181-18de6ea1d862,
c0de9cd1-1d0c-49bd-a3c1-f0f62e64414e,0.423098 560.53 423.43 171.38 177.31 0.419986 533.06 379.15 217.94 317.02
c0eabd79-0f88-4db8-b515-83a4c5a9ffde,
c0ec3097-a14b-4ee2-9547-c0d2532f2e62,
c0edff49-046c-47ba-af8b-e740ae15da3e,0.450581 160.96 500.59 286.28 235.13
c0f282b0-d5d9-411b-899d-b6174992b0f1,
c0f4c0b1-da34-464e-ad29-c8f7f309a30e,
c103f115-266b-4f0c-97d0-082dc2438a27,0.518751 619.59 451.63 249.96 320.17
c104712e-81a4-4a39-9d0d-0ca3ec487e93,0.454314 589.06 200.04 274.40 620.31 0.416286 661.49 606.81 184.93 164.69
c107a573-4b0f-4b31-9ad5-f33279364ff3,0.597240 337.18 478.16 174.56 196.95 0.518109 624.60 439.54 224.69 321.16
c10b53cf-2750-41c1-9ba6-b73598b2bc22,0.604752 312.12 253.49 194.81 363.91
c10c617c-8be9-47c9-9972-60dcd008faea,
c10e8c73-8d1b-4abd-b6ad-7fbbe0a18346,
c10f2a35-afdd-4b1a-ade3-40500fa39fef,
c11ecaec-2b8c-46c2-9883-8e491f3ea835,
c1212b24-683b-4b34-9470-a3ec54564e88,
c121b434-a3cf-415b-9229-0ec10a66d6be,
c127745e-7555-4a19-8ed9-33aa32622c4a,
c127904f-d321-4d79-b02d-599b73b0a734,
c1281ecd-6406-420a-960a-f60c0a2be14e,
c12861f2-2d63-43f1-b615-cc6e82116faf,
c129ed85-8cdc-4505-972e-661a36fd9234,
c12a8dab-bb32-4383-9ee3-bf2dce0fd20c,0.574202 219.78 572.89 181.78 159.50 0.420379 223.28 242.38 261.55 524.70
c12bf14d-8ac3-4c9e-a739-3789dc17d067,
c130ee0e-7bf6-4c8e-afa2-8b27e23f4c5d,
c13125e5-a27b-4110-bac3-7ed3ee2bfbb1,0.570772 109.94 567.51 245.01 251.35
c1330177-9ef2-410c-a3ee-f7c1cabeddd1,0.581843 262.80 255.53 165.38 169.55 0.542880 530.01 235.03 245.63 242.34
c13837b3-8a12-4cb3-98fd-4ff007df6aba,
c13c5000-25a2-46a3-8dfe-469ac9e706a8,
c141f676-7ac5-4231-bdb2-aea92772eb7f,0.540618 214.31 321.60 210.33 265.53
c1422130-230c-4c57-947b-f441fe987edb,
c1442587-d214-456b-8a4d-59431600cabf,
c1492be6-e6aa-404c-8f37-0468aa65f5ea,
c14ca401-87c1-4ab2-9aa7-7f8bec9f0c06,0.437492 208.71 340.76 177.20 129.10
c14d9403-6e1f-4d9f-b278-6b7bc18cf3cc,
c1507764-540b-4036-ae74-8271effd56c5,
c15132d6-6486-407e-b07a-2077eae209ce,
c1526e12-28a6-429b-98e7-8c6d634a9818,0.559507 293.07 627.72 231.85 286.08 0.535442 737.89 227.07 285.71 721.97 0.528760 294.20 236.06 295.89 711.37 0.400326 763.73 532.62 226.22 379.65
c15f29ca-8127-4be3-adf8-bda02e398575,
c1636efa-40ac-4c63-bc9b-6886165ef44d,
c16a0985-23a7-450f-b10f-f5514e9ec746,
c171dad5-e08b-4590-a946-9ab43a257b8c,0.557009 644.52 245.39 229.70 303.44 0.425075 682.16 280.61 173.43 198.36
c172bbde-f7f7-4e65-aeb9-98684feddbbd,0.542583 118.95 378.14 247.29 221.93
c179ad70-56f9-4739-8a29-17c71be7f2cb,0.409947 645.32 465.51 235.22 377.82 0.405704 248.04 342.19 226.87 522.96
c1863155-7189-4ff6-864b-6c661f7d625f,
c1868de8-4f38-4bcb-8c58-d647cfbe1bc6,
c187de8d-dff1-4f5f-b11e-74bd5bf8cfb8,
c189e228-37c8-4def-b35b-1938a92f4f68,
c18ad1f9-b19f-4a34-aac2-853fe2ec6946,
c1937034-f8a4-4a84-a69c-213911b39907,0.532135 103.28 77.07 310.64 764.50 0.521545 543.77 277.82 297.71 619.62 0.460501 567.97 508.76 242.62 352.03 0.410897 96.48 547.63 214.67 246.96
c19eb270-ac17-48f3-bc22-9ba6fd38ac52,0.405120 102.39 200.94 267.10 558.21
c1a1144a-91c5-466b-b707-6303b2dc5500,0.519211 625.72 442.78 273.48 304.04 0.506126 174.24 302.74 268.62 379.92
c1a2fb00-a536-4e07-b462-2220a17968a2,
c1a7417f-6802-4f4b-8f4a-debfd1558230,0.406142 193.36 341.72 215.70 305.81
c1acfe9d-3e90-414c-809e-72c6dc153708,
c1af93d1-2cb6-47f0-a44a-fe48c60d4629,0.554584 226.01 581.81 181.40 151.06
c1b2f938-49b9-4fe6-8251-b6c90622907b,0.566438 378.81 549.57 189.77 336.65 0.429203 720.84 359.84 250.20 534.58
c1b44588-d231-4ac1-b616-8c21d2fbca6b,
c1b72754-10ab-492b-ad36-78a4b16365eb,
c1bea7c6-14cb-483c-b2ee-e958901f0667,0.558825 539.84 449.16 229.69 326.45 0.536758 119.69 297.52 262.27 564.77
c1c73ab1-a934-4ef5-b362-7da3c3bc4970,
c1ca69a7-39b8-4fbe-93c0-16769f1ea057,
c1ca740f-befa-45a6-be08-8c06da1da71c,
c1ccf646-db01-4175-84d4-e794c4e1e14e,0.401283 657.68 537.81 277.86 221.53
c1d15ac6-9205-4063-9916-3856fb9ebff7,0.450169 227.03 447.96 177.74 151.47
c1d1a7c9-94b3-44e3-9353-3ec35fce7d70,
c1d3ec0a-8dc1-440c-9f5f-f8de703418ef,
c1d9b4c9-39cc-4b37-b95b-82d26a1b68df,
c1db263b-5d0e-47f7-9093-b7ad5b2a4d2a,0.519712 278.73 471.97 188.24 160.83
c1df4324-58ef-4f0c-b5a2-88faaf28955f,
c1e202a1-431c-458f-8aa2-c237c7c69647,
c1e3615c-cf3a-48e7-a20e-05244bba5292,
c1e5e19a-4aa3-437f-839c-a90e30e30a5f,
c1e6dda1-1108-46a3-a9fa-6460c413274e,
c1e88810-9e4e-4f39-9306-8d314bfc1ff1,0.433678 386.13 369.81 113.07 142.12
c1ec035b-377b-416c-a281-f868b7c9b6c3,
c1ef5b66-0fd7-49d1-ae6b-5af84929414b,
c1ef6724-f95f-40f1-b25b-de806d9bc39d,
c1f55e7e-4065-4dc0-993e-a7c1704c6036,
